priority_score,game_name,game_url,best_rank,top_n_appearances,listing_play_count_rows,needs_game_page_history,metrics_rows,first_metric_date,last_metric_date,first_seen_date,last_seen_date
3351,Robo-Jump,http://www.kongregate.com/games/gr33ngunner007/robo-jump,1,1,0,yes,0,,,2014-10-03,2014-10-03
3251,Caralhinhos Voadores - Age Of Delicia,http://www.kongregate.com/games/maxwell06/caralhinhos-voadores-age-of-delicia,2,1,0,yes,0,,,2014-10-03,2014-10-03
3251,Pre-Civilization Bronze Age,http://www.kongregate.com/games/clarusvictoria/pre-civilization-bronze-age,2,1,0,yes,0,,,2014-12-17,2014-12-17
3151,A Kongergate Special,http://www.kongregate.com/games/NickJ66/a-kongergate-special,3,1,0,yes,0,,,2014-10-03,2014-10-03
3151,SandTest,https://www.kongregate.com/en/games/onimatrix/sandtest,3,1,0,yes,0,,,2026-01-03,2026-01-03
3089,Freefall Tournament,http://www.kongregate.com/games/freefall_wel/freefall-tournament,4,39,0,yes,0,,,2016-11-21,2017-06-11
3075,Run 3,http://www.kongregate.com/games/player_03/run-3,4,25,0,yes,0,,,2015-01-18,2017-04-15
3066,Epic Battle Fantasy 5,https://www.kongregate.com/games/kupo707/epic-battle-fantasy-5,4,16,0,yes,0,,,2020-09-18,2022-11-30
3053,"Gragyriss, Captor of Princesses",https://www.kongregate.com/games/snowroadgames/gragyriss-captor-of-princesses,4,3,0,yes,0,,,2024-08-06,2025-10-07
3053,Race Time,https://www.kongregate.com/games/PeopleFun/race-time,4,3,0,yes,0,,,2024-08-06,2025-10-07
3053,The Gun Game 2,https://www.kongregate.com/games/Chazsan/the-gun-game-2,4,3,0,yes,0,,,2024-08-06,2025-10-07
3053,"When he jump, he go up like this",https://www.kongregate.com/games/Gun_Safety/when-he-jump-he-go-up-like-this,4,3,0,yes,0,,,2024-08-06,2025-10-07
3052,klocki,https://www.kongregate.com/games/targaciej/klocki,4,2,0,yes,0,,,2024-07-30,2025-08-01
3052,N Step Steve: Part 1,https://www.kongregate.com/games/EPGstudios/n-step-steve-part-1,4,2,0,yes,0,,,2024-07-30,2025-08-01
3051,Wave1,http://www.kongregate.com/games/Xpxilomm/wave1,4,1,0,yes,0,,,2014-10-03,2014-10-03
2984,Mutilate-a-Doll 2,http://www.kongregate.com/games/0rava/mutilate-a-doll-2,1,134,0,yes,101,2015-06-11,2025-08-30,2015-01-18,2022-04-16
2962,Holyday City,http://www.kongregate.com/games/HolydayStudios/holyday-city,5,12,0,yes,0,,,2015-05-06,2015-10-29
2953,Footie Fight,https://www.kongregate.com/games/oogzyent/footie-fight,5,3,0,yes,0,,,2024-08-06,2025-10-07
2953,Trader of Stories - Chapter 3,https://www.kongregate.com/games/mrudi/trader-of-stories-chapter-3,5,3,0,yes,0,,,2024-08-06,2025-10-07
2951,Cage Bird,http://www.kongregate.com/games/Ymar2011/cage-bird,5,1,0,yes,0,,,2014-10-03,2014-10-03
2951,Skrillex Equinox Launchpad v2.0,https://www.kongregate.com/en/games/Gothicbub/skrillex-equinox-launchpad-v2-0,5,1,0,yes,0,,,2026-01-03,2026-01-03
2942,Swords and Souls,http://www.kongregate.com/games/SoulGame/swords-and-souls,1,92,0,yes,51,2015-11-22,2024-01-29,2015-10-29,2019-08-04
2915,Warbears,http://www.kongregate.com/games/ioji/warbears,1,15,15,no,0,,,2007-01-20,2007-03-19
2912,Bowmaster Prelude,http://www.kongregate.com/games/DragonGamez/bowmaster-prelude,1,12,12,no,0,,,2007-01-20,2007-03-07
2907,surviv.io,https://www.kongregate.com/en/games/Monumental/surviv,1,7,7,no,0,,,2026-04-27,2026-05-21
2905,Abyssal Depths,https://www.kongregate.com/en/games/AartformGames/abyssal-depths,1,5,5,no,0,,,2026-04-27,2026-05-14
2905,Bowmaster Prelude,http://kongregate.com/games/DragonGamez/bowmaster-prelude,1,5,5,no,0,,,2007-01-25,2007-03-12
2902,Doodle RPG Survivor,https://www.kongregate.com/en/games/robspan/doodle-rpg-survivor,1,2,2,no,0,,,2026-05-14,2026-05-14
2901,2d space game,http://www.kongregate.com/games/lordrobbyrob11/2d-space-game,1,1,1,no,0,,,2011-03-29,2011-03-29
2901,Age Of Wind,http://www.kongregate.com/games/dmitryburlakov/age-of-wind,1,1,1,no,0,,,2011-02-09,2011-02-09
2901,Atomic Supercars,http://www.kongregate.com/games/allpremiumgames/atomic-supercars,1,1,1,no,0,,,2010-11-08,2010-11-08
2901,Avoidr,http://www.kongregate.com/games/LolUDeaded/avoidr,1,1,1,no,0,,,2011-01-11,2011-01-11
2901,BLOB KILLS BALL!,http://www.kongregate.com/games/bryces12/blob-kills-ball,1,1,1,no,0,,,2010-10-18,2010-10-18
2901,Booty Call of Duty,http://www.kongregate.com/games/RoboticPencil/booty-call-of-duty,1,1,1,no,0,,,2010-12-23,2010-12-23
2901,Double Winx,http://www.kongregate.com/games/kakudaf/double-winx,1,1,1,no,0,,,2009-10-14,2009-10-14
2901,Eggplant Dress-up,http://www.kongregate.com/games/devinl/eggplant-dress-up,1,1,1,no,0,,,2011-03-15,2011-03-15
2901,facebook example,http://www.kongregate.com/games/towski/facebook-example,1,1,1,no,0,,,2011-04-05,2011-04-05
2901,Hidden Bee,http://www.kongregate.com/games/games2rule/hidden-bee,1,1,1,no,0,,,2011-04-12,2011-04-12
2901,Hidden Deer,http://www.kongregate.com/games/games2rule/hidden-deer,1,1,1,no,0,,,2011-03-08,2011-03-08
2901,Hidden Objects-Messy H...,http://www.kongregate.com/games/games2rule/hidden-objects-messy-house,1,1,1,no,0,,,2011-03-19,2011-03-19
2901,learn,http://www.kongregate.com/games/buenozair/learn,1,1,1,no,0,,,2011-04-16,2011-04-16
2901,Lerpz's Jump,http://www.kongregate.com/games/dumytru/lerpzs-jump,1,1,1,no,0,,,2011-03-11,2011-03-11
2901,Maddening Foolishness,http://www.kongregate.com/games/darthpeanut113/maddening-foolishness,1,1,1,no,0,,,2011-12-31,2011-12-31
2901,professional catwalk D...,http://www.kongregate.com/games/popgals/professional-catwalk-dress-up,1,1,1,no,0,,,2010-11-13,2010-11-13
2901,R3volution,http://www.kongregate.com/games/hurgle/r3volution,1,1,1,no,0,,,2011-02-27,2011-02-27
2901,Stafforb's Worst Pokemon Battle,http://www.kongregate.com/games/Stafforb_Pokemon/stafforbs-worst-pokemon-battle,1,1,1,no,0,,,2013-04-11,2013-04-11
2901,Sucka Swing,http://www.kongregate.com/games/Groady/sucka-swing,1,1,1,no,0,,,2011-03-23,2011-03-23
2901,Super Geek Magnet,http://www.kongregate.com/games/Games2win/super-geek-magnet,1,1,1,no,0,,,2010-10-22,2010-10-22
2901,Sweet Doll Makeup,http://www.kongregate.com/games/popgals/sweet-doll-makeup,1,1,1,no,0,,,2011-04-09,2011-04-09
2901,Target Practice,http://www.kongregate.com/games/mymoog/target-practice,1,1,1,no,0,,,2010-11-23,2010-11-23
2901,The World's Easiest Maze,http://www.kongregate.com/games/deepfriedapple/the-worlds-easiest-maze,1,1,1,no,0,,,2010-10-13,2010-10-13
2894,Clicker Heroes,http://www.kongregate.com/games/Playsaurus/clicker-heroes,1,44,0,yes,26,2018-01-08,2024-07-10,2015-01-18,2017-06-24
2891,Crusaders of the Lost Idols,http://www.kongregate.com/games/Codename_Enter/crusaders-of-the-lost-idols,1,41,0,yes,8,2018-04-19,2024-01-20,2015-08-09,2017-06-24
2885,Realm Grinder,http://www.kongregate.com/games/DivineGames/realm-grinder,1,35,0,yes,49,2015-12-02,2025-08-19,2015-08-09,2017-06-24
2879,NGU IDLE,https://www.kongregate.com/games/somethingggg/ngu-idle,1,29,0,yes,107,2018-05-04,2025-08-28,2019-01-08,2025-08-01
2877,Bit Heroes,https://www.kongregate.com/games/Juppiomenz/bit-heroes,1,27,0,yes,83,2017-03-23,2025-10-25,2019-02-01,2025-08-01
2876,Swords and Souls,https://www.kongregate.com/games/SoulGame/swords-and-souls,1,26,0,yes,51,2015-11-22,2024-01-29,2019-01-08,2022-11-30
2874,AdVenture Capitalist,http://www.kongregate.com/games/HyperHippoGames/adventure-capitalist,1,24,0,yes,13,2016-03-01,2025-02-15,2014-12-27,2016-11-06
2874,Game of Thrones Ascent,http://www.kongregate.com/games/DisruptorBeam/game-of-thrones-ascent,6,24,0,yes,0,,,2014-11-10,2016-06-01
2869,UnpuzzleX,https://www.kongregate.com/games/KekGames/unpuzzlex,1,19,0,yes,31,2020-07-16,2024-10-07,2020-09-18,2025-10-07
2868,Cosmos Quest,http://www.kongregate.com/games/GaiaByte/cosmos-quest,1,18,0,yes,9,2017-09-04,2026-04-25,2017-03-04,2017-06-24
2868,Incremancer,https://www.kongregate.com/games/JamesG466/incremancer,1,18,0,yes,49,2019-11-18,2025-10-23,2021-10-18,2025-10-07
2868,Swarm Simulator,http://www.kongregate.com/games/swarmsim/swarm-simulator,1,18,0,yes,15,2017-09-01,2024-08-19,2015-02-23,2017-06-24
2866,Retro Bowl,https://www.kongregate.com/games/siread/retro-bowl,1,16,0,yes,31,2020-02-26,2025-08-17,2021-10-18,2025-08-01
2865,The King's League: Odyssey,https://www.kongregate.com/games/kurechii/the-kings-league-odyssey,1,15,0,yes,24,2015-05-01,2025-05-30,2019-01-08,2025-10-07
2857,Realm of the Mad God,http://www.kongregate.com/games/Wild_Shadow/realm-of-the-mad-god,4,107,8,partial,0,,,2012-04-19,2019-08-04
2854,Factory idle,https://www.kongregate.com/games/Baldurans/factory-idle,6,4,0,yes,0,,,2019-01-08,2025-10-07
2853,Crush The Castle 2,https://www.kongregate.com/games/ArmorGames/crush-the-castle-2,1,3,0,yes,9,2014-11-19,2025-10-26,2024-08-06,2025-10-07
2853,Frantic Frigates,https://www.kongregate.com/games/BerzerkStudio/frantic-frigates,1,3,0,yes,5,2020-05-30,2024-02-22,2024-08-06,2025-10-07
2853,Plinko Idle,https://www.kongregate.com/games/Zamol/the-black-box,1,3,0,yes,3,2023-09-28,2025-04-13,2024-07-28,2025-10-07
2853,Rush Team Free FPS Multiplayers,https://www.kongregate.com/games/rokawar/rush-team-free-fps-multiplayers,1,3,0,yes,12,2019-11-01,2025-03-30,2024-08-06,2025-10-07
2853,Drift Race in the open world,https://www.kongregate.com/games/roman8/drift-race-in-the-open-world,6,3,0,yes,0,,,2024-08-06,2025-10-07
2853,WORLDS Builder: Farm & Craft,https://www.kongregate.com/games/JoyBits/worlds-builder,6,3,0,yes,0,,,2024-08-06,2025-10-07
2852,A Dance of Fire and Ice,https://www.kongregate.com/games/fizzd/a-dance-of-fire-and-ice,1,2,0,yes,3,2015-08-26,2022-12-28,2024-07-28,2025-08-01
2852,Blockade3D,https://www.kongregate.com/games/blockadeboss/blockade3d,1,2,0,yes,8,2019-03-28,2025-03-30,2019-07-20,2024-08-06
2852,Gravitee Wars Online,https://www.kongregate.com/games/FunkyPear/gravitee-wars-online,1,2,0,yes,19,2020-04-29,2025-11-02,2025-08-01,2025-10-07
2852,Storm the House 3,https://www.kongregate.com/games/Ivory/storm-the-house-3,6,2,0,yes,0,,,2025-08-01,2025-10-07
2852,We Become What We Behold,https://www.kongregate.com/games/nutcasenightmare/we-become-what-we-behold,6,2,0,yes,0,,,2024-08-06,2025-08-01
2852,We Become What We Behold,https://www.kongregate.com/en/games/nutcasenightmare/we-become-what-we-behold,6,2,0,yes,0,,,2025-10-07,2026-01-03
2851,ChatChat,https://www.kongregate.com/en/games/TerryCavanagh_B/chatchat,1,1,0,yes,7,2018-11-02,2024-02-21,2026-01-03,2026-01-03
2851,Mutilate-a-Doll: Classic,https://www.kongregate.com/games/0rava/mutilate-a-doll-classic,1,1,0,yes,7,2019-02-05,2024-01-20,2024-07-28,2024-07-28
2851,Retro Bowl,https://www.kongregate.com/en/games/siread/retro-bowl,1,1,0,yes,31,2020-02-26,2025-08-17,2025-10-07,2025-10-07
2851,Medieval Cop,https://www.kongregate.com/en/games/VasantJ/medieval-cop,6,1,0,yes,0,,,2026-01-03,2026-01-03
2851,RPgTest,http://www.kongregate.com/games/Nicolo974jtm34/rpgtest,6,1,0,yes,0,,,2014-10-03,2014-10-03
2826,Bloons Tower Defense 3,http://www.kongregate.com/games/Ninjakiwi/bloons-tower-defense-3,4,76,75,partial,0,,,2009-10-14,2016-06-20
2812,Gamma Bros,http://www.kongregate.com/games/pixeljamgames/gamma-bros,2,12,12,no,0,,,2007-01-20,2007-03-07
2801,Alien Guard 2,http://www.kongregate.com/games/darkknight749/alien-guard-2,2,1,1,no,0,,,2010-12-23,2010-12-23
2801,Angry Animals,http://www.kongregate.com/games/VladUA/angry-animals,2,1,1,no,0,,,2011-03-29,2011-03-29
2801,Another of Stafforb's Pokemon Battles.,http://www.kongregate.com/games/Stafforb_Pokemon/another-of-stafforbs-pokemon-battles,2,1,1,no,0,,,2013-04-11,2013-04-11
2801,Army Speeder,http://www.kongregate.com/games/allpremiumgames/army-speeder,2,1,1,no,0,,,2010-11-08,2010-11-08
2801,Arrows,http://www.kongregate.com/games/dserrano3/arrows,2,1,1,no,0,,,2011-03-15,2011-03-15
2801,Battle For Gondor,http://www.kongregate.com/games/jaime2310/battle-for-gondor,2,1,1,no,0,,,2011-04-09,2011-04-09
2801,Botão(Portugues),http://www.kongregate.com/games/thales00/bot-o-portugues,2,1,1,no,0,,,2011-03-11,2011-03-11
2801,Britain's Best Brain,http://www.kongregate.com/games/SupercoolDev/britains-best-brain,2,1,1,no,0,,,2009-10-14,2009-10-14
2801,Destruct-a-nation,http://www.kongregate.com/games/orange01/destruct-a-nation,2,1,1,no,0,,,2011-12-31,2011-12-31
2801,Dodge Em,http://www.kongregate.com/games/dan62/dodge-em,2,1,1,no,0,,,2010-11-13,2010-11-13
2801,Earth Defence,http://www.kongregate.com/games/TOTALCOOKY/earth-defence,2,1,1,no,0,,,2010-10-18,2010-10-18
2801,First Date,http://www.kongregate.com/games/slixmedia/first-date,2,1,1,no,0,,,2010-10-13,2010-10-13
2801,Hidden Stars-Mermaid,http://www.kongregate.com/games/games2rule/hidden-stars-mermaid,2,1,1,no,0,,,2011-03-23,2011-03-23
2801,Hires Golf,http://www.kongregate.com/games/FormationFacile/hires-golf,2,1,1,no,0,,,2011-02-27,2011-02-27
2801,Jigsaw Killer Escape-4,http://www.kongregate.com/games/games2rule/jigsaw-killer-escape-4,2,1,1,no,0,,,2010-10-22,2010-10-22
2801,Menkar,http://www.kongregate.com/games/MenkarGame/menkar,2,1,1,no,0,,,2011-04-05,2011-04-05
2801,Murloc RPG: Strangleth...,http://www.kongregate.com/games/GamerDisclaimer/murloc-rpg-stranglethorn-fever,2,1,1,no,0,,,2011-02-09,2011-02-09
2801,Rolling Tires 2,http://www.kongregate.com/games/coolbuddy/rolling-tires-2,2,1,1,no,0,,,2011-04-16,2011-04-16
2801,Shoot em up,http://www.kongregate.com/games/dha456/shoot-em-up,2,1,1,no,0,,,2010-11-23,2010-11-23
2801,Stationery Shop Escape,http://www.kongregate.com/games/123bee/stationery-shop-escape,2,1,1,no,0,,,2011-03-08,2011-03-08
2801,Swappers-Halle Berry,http://www.kongregate.com/games/games2rule/swappers-halle-berry,2,1,1,no,0,,,2011-03-19,2011-03-19
2801,Switch Blade,http://www.kongregate.com/games/digmDrexel/switch-blade,2,1,1,no,0,,,2011-04-12,2011-04-12
2801,Terrace Multiplayer,http://www.kongregate.com/games/fudo2010/terrace-multiplayer,2,1,1,no,0,,,2011-01-11,2011-01-11
2774,Mutilate-a-Doll 2,https://www.kongregate.com/games/0rava/mutilate-a-doll-2,2,24,0,yes,101,2015-06-11,2025-08-30,2019-01-08,2022-11-30
2768,Spellstone,http://www.kongregate.com/games/synapticon/spellstone,7,18,0,yes,0,,,2017-02-15,2017-06-24
2767,Run,http://www.kongregate.com/games/player_03/run,4,17,15,partial,0,,,2009-12-15,2014-12-27
2765,The Last Stand: Dead Zone,http://www.kongregate.com/games/ConArtists/the-last-stand-dead-zone,7,15,0,yes,0,,,2014-11-10,2015-11-17
2763,Bloons Super Monkey,https://www.kongregate.com/en/games/Ninjakiwi/bloons-super-monkey,4,13,12,partial,0,,,2026-01-03,2026-05-21
2761,Learn to Fly 2,http://www.kongregate.com/games/light_bringer777/learn-to-fly-2,1,211,101,partial,55,2014-10-20,2025-06-18,2011-08-04,2022-06-25
2757,Sort the Court!,https://www.kongregate.com/games/graebor/sort-the-court,2,7,0,yes,33,2018-02-04,2025-04-11,2019-06-20,2025-08-01
2754,Escape Game - Computer Office Escape,https://www.kongregate.com/games/masasgames/escape-game-computer-office-escape,2,4,0,yes,29,2020-06-21,2025-10-03,2020-09-18,2025-10-07
2753,Aground,https://www.kongregate.com/games/terra0nova/aground,2,3,0,yes,17,2018-03-22,2024-09-05,2024-08-06,2025-10-07
2753,Decision,https://www.kongregate.com/games/FlyAnvil/decision,2,3,0,yes,1,2022-06-03,2022-06-03,2024-08-06,2025-10-07
2753,Madnes Project Nexus Party mod III,https://www.kongregate.com/games/Asriel343/madnes-project-nexus-party-mod-iii,2,3,0,yes,2,2024-05-04,2025-03-26,2024-08-06,2025-10-07
2753,Multitask,https://www.kongregate.com/games/IcyLime/multitask,2,3,0,yes,15,2019-09-28,2025-10-12,2024-08-06,2025-10-07
2753,Strike Force Heroes 2,http://www.kongregate.com/games/JuiceTin/strike-force-heroes-2,2,3,0,yes,30,2016-04-20,2025-03-30,2016-08-17,2019-02-01
2753,Supermechs,https://www.kongregate.com/games/Tacticsoft/supermechs,2,3,0,yes,15,2018-12-17,2024-01-21,2019-06-16,2019-07-20
2753,Tyrant Unleashed,https://www.kongregate.com/games/synapticon/tyrant-unleashed-web,2,3,0,yes,15,2021-05-13,2025-03-12,2024-08-06,2025-10-07
2753,Wonderputt,https://www.kongregate.com/games/dampgnat/wonderputt,2,3,0,yes,13,2019-11-07,2024-11-29,2024-08-06,2025-10-07
2753,Synergism,https://www.kongregate.com/games/Platonic/synergism,7,3,0,yes,0,,,2024-07-28,2025-10-07
2752,Balloon in a Wasteland,https://www.kongregate.com/games/ArmorGames/balloon-in-a-wasteland,2,2,0,yes,1,2022-05-18,2022-05-18,2019-07-20,2024-08-06
2752,Cursed Treasure 2 Remastered,https://www.kongregate.com/games/IriySoft/cursed-treasure-2-remastered,2,2,0,yes,11,2019-12-15,2025-03-15,2024-08-06,2025-08-01
2752,The Journey Home,https://www.kongregate.com/games/Raius_/the-journey-home,2,2,0,yes,10,2021-06-20,2025-10-11,2025-08-01,2025-10-07
2751,Achievement Unlocked 2,https://www.kongregate.com/en/games/ArmorGames/achievement-unlocked-2,2,1,0,yes,5,2018-02-02,2025-10-01,2026-01-03,2026-01-03
2751,Clicker Heroes,https://www.kongregate.com/games/Playsaurus/clicker-heroes,2,1,0,yes,26,2018-01-08,2024-07-10,2019-01-08,2019-01-08
2751,GOSPACE,https://www.kongregate.com/games/LLGD/gospace,7,1,0,yes,0,,,2025-08-01,2025-08-01
2751,Jumper,http://www.kongregate.com/games/FrankP71/jumper,7,1,0,yes,0,,,2014-10-03,2014-10-03
2751,Medieval Cop -The Invidia Games - Part 3,https://www.kongregate.com/en/games/VasantJ/medieval-cop-the-invidia-games-part-3,7,1,0,yes,0,,,2026-01-03,2026-01-03
2751,Paper Knight Quest,https://www.kongregate.com/en/games/ferx_zero/paper-knight-quest,7,1,0,yes,0,,,2026-01-03,2026-01-03
2732,Kingdom Rush,http://www.kongregate.com/games/Ironhidegames/kingdom-rush,1,182,75,partial,30,2013-09-18,2023-08-15,2012-01-15,2022-05-19
2720,Bloons TD 5,http://www.kongregate.com/games/Ninjakiwi/bloons-td-5,1,170,26,partial,59,2014-08-25,2025-10-01,2012-08-27,2022-09-10
2707,Diaper Dash,http://www.kongregate.com/games/richpixel/diaper-dash,3,7,7,no,0,,,2007-02-12,2007-03-19
2705,Warbears,http://kongregate.com/games/ioji/warbears,3,5,5,no,0,,,2007-01-25,2007-03-12
2703,Diaper Dash,http://kongregate.com/games/richpixel/diaper-dash,3,3,3,no,0,,,2007-02-19,2007-03-12
2701,Blozorz Hacked,http://www.kongregate.com/games/tinkan11/blozorz-hacked,3,1,1,no,0,,,2011-04-05,2011-04-05
2701,Broken World WIP,http://www.kongregate.com/games/JackTrades/broken-world-wip,3,1,1,no,0,,,2011-01-11,2011-01-11
2701,Captain America Hidden Stars,http://www.kongregate.com/games/wayak/captain-america-hidden-stars,3,1,1,no,0,,,2013-04-11,2013-04-11
2701,Catch a FRUIT!!!!!,http://www.kongregate.com/games/bballtman2694/catch-a-fruit,3,1,1,no,0,,,2010-10-13,2010-10-13
2701,Chocolate Rain TAY ZONDAY,http://www.kongregate.com/games/Shi_Thead/chocolate-rain-tay-zonday,3,1,1,no,0,,,2011-03-19,2011-03-19
2701,DJ HERO 2 MIX2GETHER,http://www.kongregate.com/games/fiab/dj-hero-2-mix2gether,3,1,1,no,0,,,2010-10-18,2010-10-18
2701,Fantasy Gems Action!,http://www.kongregate.com/games/rirara/fantasy-gems-action,3,1,1,no,0,,,2010-10-22,2010-10-22
2701,Find Tounterfeit Money,http://www.kongregate.com/games/freegames1234/find-tounterfeit-money,3,1,1,no,0,,,2011-03-08,2011-03-08
2701,For The Motherland,http://www.kongregate.com/games/digmDrexel/for-the-motherland,3,1,1,no,0,,,2011-04-12,2011-04-12
2701,Fuel the Fire!,http://www.kongregate.com/games/towski/fuel-the-fire,3,1,1,no,0,,,2011-03-11,2011-03-11
2701,Fuzzy Things,http://www.kongregate.com/games/jonathansario/fuzzy-things,3,1,1,no,0,,,2010-11-13,2010-11-13
2701,Halloween Tripeaks,http://www.kongregate.com/games/glowingeyegames/halloween-tripeaks,3,1,1,no,0,,,2009-10-14,2009-10-14
2701,House Idle PRO,http://www.kongregate.com/games/lolz666/house-idle-pro,3,1,1,no,0,,,2011-02-09,2011-02-09
2701,Jumbo Adventure,http://www.kongregate.com/games/gamesrishti/jumbo-adventure,3,1,1,no,0,,,2011-04-16,2011-04-16
2701,Loomi beta,http://www.kongregate.com/games/7lvdan/loomi-beta,3,1,1,no,0,,,2011-03-29,2011-03-29
2701,Making Words II,http://www.kongregate.com/games/vinila/making-words-ii,3,1,1,no,0,,,2011-03-15,2011-03-15
2701,Milo Physics,http://www.kongregate.com/games/glowingeyegames/milo-physics,3,1,1,no,0,,,2010-11-23,2010-11-23
2701,Monkey Freak,http://www.kongregate.com/games/IceNineCZ/monkey-freak,3,1,1,no,0,,,2010-12-23,2010-12-23
2701,Office Supply Team!,http://www.kongregate.com/games/deesus/office-supply-team,3,1,1,no,0,,,2011-03-23,2011-03-23
2701,PhysicsWars,http://www.kongregate.com/games/friuns/physicswars,3,1,1,no,0,,,2011-02-09,2011-02-09
2701,Run And Monetize,http://www.kongregate.com/games/rc88_/run-and-monetize,3,1,1,no,0,,,2011-02-27,2011-02-27
2701,Stone Age Runner - New...,http://www.kongregate.com/games/allpremiumgames/stone-age-runner-new-tilty-truck-game,3,1,1,no,0,,,2010-11-08,2010-11-08
2701,The Mermaid Princess D...,http://www.kongregate.com/games/girlsgames/the-mermaid-princess-dress-up,3,1,1,no,0,,,2011-04-09,2011-04-09
2701,Watch Fat Kid Dance,http://www.kongregate.com/games/skaren/watch-fat-kid-dance,3,1,1,no,0,,,2011-12-31,2011-12-31
2700,Supermechs,http://www.kongregate.com/games/Tacticsoft/supermechs,3,50,0,yes,15,2018-12-17,2024-01-21,2016-06-05,2017-07-03
2680,Bit Heroes,http://www.kongregate.com/games/Juppiomenz/bit-heroes,3,30,0,yes,83,2017-03-23,2025-10-25,2017-02-15,2019-06-20
2676,Bloons TD 5,https://www.kongregate.com/games/Ninjakiwi/bloons-td-5,3,26,0,yes,59,2014-08-25,2025-10-01,2019-01-08,2022-11-30
2670,SAS: Zombie Assault 4,http://www.kongregate.com/games/Ninjakiwi/sas-zombie-assault-4,1,120,1,partial,28,2016-03-07,2023-06-19,2014-08-15,2022-06-25
2665,Bloons Monkey City,http://www.kongregate.com/games/Ninjakiwi/bloons-monkey-city,4,115,0,yes,20,2018-02-21,2025-07-14,2014-11-25,2019-07-20
2663,Gun Mayhem 2:More Mayhem,https://www.kongregate.com/en/games/AwesomePixels/gun-mayhem-2-more-mayhem,5,13,12,partial,0,,,2026-01-03,2026-05-21
2660,Boxhead: 2Play Rooms,http://www.kongregate.com/games/SeanCooper/boxhead-2play-rooms,5,10,9,partial,0,,,2007-11-05,2016-08-17
2658,Freefall Tournament,http://www.kongregate.com/games/freerangegames/freefall-tournament,1,108,49,partial,1,2016-12-08,2016-12-08,2012-06-15,2016-08-05
2658,Strike Force Heroes 2,https://www.kongregate.com/games/JuiceTin/strike-force-heroes-2,3,8,0,yes,30,2016-04-20,2025-03-30,2019-01-08,2019-07-20
2658,N Step Steve: Part 1,https://www.kongregate.com/en/games/EPGstudios/n-step-steve-part-1,5,8,6,partial,0,,,2025-10-07,2026-06-26
2654,Idle Evolution,http://www.kongregate.com/games/NewProject1/idle-evolution,8,4,0,yes,0,,,2015-02-23,2015-03-19
2653,Accelerator,https://www.kongregate.com/games/TenebrousP/accelerator,3,3,0,yes,28,2018-03-12,2025-08-23,2024-08-06,2025-10-07
2653,Cursed Treasure,https://www.kongregate.com/games/IriySoft/cursed-treasure,3,3,0,yes,10,2019-09-28,2024-05-09,2024-08-06,2025-10-07
2653,Drakenlords: CCG Cards Duels,https://www.kongregate.com/games/Everguild_Games/drakenlords-ccg-cards-duels,3,3,0,yes,1,2022-11-14,2022-11-14,2024-08-06,2025-10-07
2653,Tangerine Tycoon,http://www.kongregate.com/games/GazThomas/tangerine-tycoon,3,3,0,yes,9,2015-01-25,2024-10-08,2015-02-23,2016-11-06
2653,The Perfect Tower,https://www.kongregate.com/games/XmmmX99/the-perfect-tower,3,3,0,yes,62,2016-03-30,2025-05-31,2019-01-08,2025-08-01
2653,There is no game,https://www.kongregate.com/games/KaMiZoTo_Creator/there-is-no-game,3,3,0,yes,20,2017-03-29,2024-09-24,2024-07-30,2025-10-07
2653,Trimps,https://www.kongregate.com/games/GreenSatellite/trimps,3,3,0,yes,26,2016-09-17,2025-05-13,2019-01-08,2025-08-01
2653,Age of Rivals,https://www.kongregate.com/en/games/RobotoGames/age-of-rivals,5,3,2,partial,0,,,2026-01-03,2026-03-27
2653,Dragons of the Void,https://www.kongregate.com/games/DragonsOfTheVoid/dragons-of-the-void,8,3,0,yes,0,,,2024-08-06,2025-10-07
2653,Poker Quest RPG,https://www.kongregate.com/games/Playsaurus/poker-quest,8,3,0,yes,0,,,2024-08-06,2025-10-07
2652,Cardinal Quest 2,https://www.kongregate.com/games/randomnine/cardinal-quest-2,3,2,0,yes,4,2016-09-21,2025-03-06,2025-08-01,2025-10-07
2652,missed messages.,https://www.kongregate.com/games/zephybite/missed-messages,3,2,0,yes,1,2021-09-03,2021-09-03,2025-08-01,2025-10-07
2652,Sports Heads: Football Championship,https://www.kongregate.com/games/Mousebreaker/sports-heads-football-championship,3,2,0,yes,1,2025-08-19,2025-08-19,2024-08-06,2025-08-01
2652,Blush Blush,https://www.kongregate.com/games/SadPandaStudios/blush-blush,8,2,0,yes,0,,,2024-07-28,2025-08-01
2652,Idle Raiders: Second Run,http://www.kongregate.com/games/pitforest/idle-raiders-second-run,8,2,0,yes,0,,,2017-04-01,2017-04-15
2652,Soccer Random,https://www.kongregate.com/games/rhminteractive/soccer-random,8,2,0,yes,0,,,2025-08-01,2025-10-07
2652,Whack the Thief,https://www.kongregate.com/games/box10Guys/whack-the-thief,8,2,0,yes,0,,,2025-08-01,2025-10-07
2651,DuckLife3: Evolution,https://www.kongregate.com/games/WixGames/ducklife3-evolution,3,1,0,yes,4,2018-05-09,2024-03-04,2025-08-01,2025-08-01
2651,DuckLife3: Evolution,https://www.kongregate.com/en/games/WixGames/ducklife3-evolution,3,1,0,yes,4,2018-05-09,2024-03-04,2025-10-07,2025-10-07
2651,Endless Zombie Rampage 2,https://www.kongregate.com/games/Weasel/endless-zombie-rampage-2,3,1,0,yes,3,2023-02-11,2025-04-26,2024-08-06,2024-08-06
2651,missed messages.,https://www.kongregate.com/en/games/zephybite/missed-messages,3,1,0,yes,1,2021-09-03,2021-09-03,2026-01-03,2026-01-03
2651,Strike Force Heroes,http://www.kongregate.com/games/JuiceTin/strike-force-heroes,3,1,0,yes,26,2014-09-24,2025-03-30,2016-08-17,2016-08-17
2651,Flappy Bird Mobile,http://www.kongregate.com/games/Foizur197/flappy-bird-mobile,8,1,0,yes,0,,,2014-10-03,2014-10-03
2651,Raze,http://www.kongregate.com/games/Addisonr/raze,8,1,0,yes,0,,,2016-08-17,2016-08-17
2651,Raze,https://www.kongregate.com/games/Addisonr/raze,8,1,0,yes,0,,,2019-07-20,2019-07-20
2651,Rise of Champions,https://www.kongregate.com/en/games/FrozenTorch/rise-of-champions,8,1,0,yes,0,,,2026-01-03,2026-01-03
2641,Contract Wars,http://www.kongregate.com/games/tfender/contract-wars,1,91,4,partial,9,2015-04-25,2020-01-21,2013-08-21,2019-01-08
2630,Cursed Treasure: Don't...,http://www.kongregate.com/games/IriySoft/cursed-treasure-dont-touch-my-gems,1,80,79,partial,6,2015-11-05,2024-02-13,2010-06-20,2016-06-20
2621,GemCraft chapter 0,http://www.kongregate.com/games/gameinabottle/gemcraft-chapter-0,1,71,70,partial,3,2019-06-15,2024-01-25,2009-10-14,2016-06-20
2613,GemCraft,http://www.kongregate.com/games/gameinabottle/gemcraft,1,63,62,partial,2,2019-01-25,2024-10-01,2009-10-14,2016-06-20
2611,UPGRADE COMPLETE!,http://www.kongregate.com/games/ArmorGames/upgrade-complete,1,61,60,partial,29,2018-03-12,2025-07-10,2009-10-14,2016-08-17
2607,Heroes of Gaia,http://www.kongregate.com/games/SnailGame/heroes-of-gaia,4,7,7,no,0,,,2010-06-13,2012-04-15
2605,Dawn of the Dragons,http://www.kongregate.com/games/5thPlanetGames/dawn-of-the-dragons,1,55,10,partial,3,2016-10-16,2020-02-15,2012-04-26,2017-06-24
2605,Gamma Bros,http://kongregate.com/games/pixeljamgames/gamma-bros,4,5,5,no,0,,,2007-01-25,2007-03-12
2602,The Last Stand: Union ...,http://www.kongregate.com/games/ConArtists/the-last-stand-union-city,4,2,2,no,0,,,2011-10-13,2011-10-13
2601,1 Will Survive 2,http://www.kongregate.com/games/box10Guys/1-will-survive-2,4,1,1,no,0,,,2010-10-18,2010-10-18
2601,Active Ashfield's Conversion Challenge,http://www.kongregate.com/games/QuakMultimedia/active-ashfields-conversion-challenge,4,1,1,no,0,,,2009-10-14,2009-10-14
2601,Black Knife Hunter,http://www.kongregate.com/games/freegames1234/black-knife-hunter,4,1,1,no,0,,,2011-12-31,2011-12-31
2601,Candy Breaker,http://www.kongregate.com/games/ookpalm/candy-breaker,4,1,1,no,0,,,2010-10-22,2010-10-22
2601,Car coloring game,http://www.kongregate.com/games/123burp365/car-coloring-game,4,1,1,no,0,,,2011-03-15,2011-03-15
2601,Chick Pose Dress Up,http://www.kongregate.com/games/games2rule/chick-pose-dress-up,4,1,1,no,0,,,2010-11-08,2010-11-08
2601,demooo,http://www.kongregate.com/games/bobito229/demooo,4,1,1,no,0,,,2013-04-11,2013-04-11
2601,Fadious Dragon,http://www.kongregate.com/games/1SwiftHawk/fadious-dragon,4,1,1,no,0,,,2011-03-11,2011-03-11
2601,Fantasy Warriors,http://www.kongregate.com/games/gamesrishti/fantasy-warriors,4,1,1,no,0,,,2011-04-16,2011-04-16
2601,Get Reel! Fly Fishing,http://www.kongregate.com/games/digmDrexel/get-reel-fly-fishing,4,1,1,no,0,,,2011-04-12,2011-04-12
2601,Girl in the Snow Dressup,http://www.kongregate.com/games/123peppy/girl-in-the-snow-dressup,4,1,1,no,0,,,2010-12-23,2010-12-23
2601,Glamor Girl Party,http://www.kongregate.com/games/dressupsense/glamor-girl-party,4,1,1,no,0,,,2011-03-19,2011-03-19
2601,Heavy Metal Rider (Bam...,http://www.kongregate.com/games/vkt1381981/heavy-metal-rider-bamboo-shoot-design,4,1,1,no,0,,,2011-04-09,2011-04-09
2601,Majestic Couple Dressup,http://www.kongregate.com/games/123peppy/majestic-couple-dressup,4,1,1,no,0,,,2011-03-08,2011-03-08
2601,Medieval Murder,http://www.kongregate.com/games/comcdaniels/medieval-murder,4,1,1,no,0,,,2011-03-29,2011-03-29
2601,Photogrounds,http://www.kongregate.com/games/nathanielmilburn/photogrounds,4,1,1,no,0,,,2010-10-13,2010-10-13
2601,Push it,http://www.kongregate.com/games/eskombro/push-it,4,1,1,no,0,,,2011-03-23,2011-03-23
2601,RC Cars,http://www.kongregate.com/games/gameonade/rc-cars,4,1,1,no,0,,,2011-01-11,2011-01-11
2601,Sleep Harder,http://www.kongregate.com/games/netgrind/sleep-harder,4,1,1,no,0,,,2010-11-23,2010-11-23
2601,Snow Fight 3.0,http://www.kongregate.com/games/jaime2310/snow-fight-3-0,4,1,1,no,0,,,2011-04-05,2011-04-05
2601,Sound Recorder,http://www.kongregate.com/games/Bobbiejim/sound-recorder,4,1,1,no,0,,,2010-11-13,2010-11-13
2601,Spongebob VS. Larry Ve...,http://www.kongregate.com/games/S_Schreiber/spongebob-vs-larry-version-2,4,1,1,no,0,,,2011-02-27,2011-02-27
2597,Platform Racing 2,http://www.kongregate.com/games/Jiggmin/platform-racing-2,1,47,45,partial,36,2014-09-18,2024-02-23,2009-10-14,2014-12-27
2578,Epic Battle Fantasy 4,http://www.kongregate.com/games/kupo707/epic-battle-fantasy-4,2,128,20,partial,16,2015-09-18,2025-06-16,2013-06-01,2019-07-20
2577,Tyrant,http://www.kongregate.com/games/synapticon/tyrant,1,27,25,partial,1,2014-08-08,2014-08-08,2011-07-06,2014-12-27
2574,Kingdom Rush Frontiers,https://www.kongregate.com/games/Ironhidegames/kingdom-rush-frontiers,4,24,0,yes,22,2018-04-08,2023-04-15,2019-01-08,2022-11-30
2572,Ballistic,http://www.kongregate.com/games/RumbleGames/ballistic,9,22,0,yes,0,,,2014-08-29,2015-05-15
2571,Factory idle,https://www.kongregate.com/en/games/Baldurans/factory-idle,6,21,20,partial,0,,,2026-01-03,2026-06-22
2567,The Fancy Pants Adventures,http://www.kongregate.com/games/DrNeroCF/the-fancy-pants-adventures,1,17,16,partial,9,2017-09-15,2023-12-17,2007-01-20,2016-06-28
2567,Cube Escape: The Cave,http://www.kongregate.com/games/RustyLake/cube-escape-the-cave,9,17,0,yes,0,,,2017-05-07,2017-06-11
2564,Trimps,http://www.kongregate.com/games/GreenSatellite/trimps,4,14,0,yes,26,2016-09-17,2025-05-13,2015-08-09,2017-02-15
2563,Blockade3D,https://www.kongregate.com/en/games/blockadeboss/blockade3d,1,13,12,partial,8,2019-03-28,2025-03-30,2026-01-03,2026-05-21
2563,Incremancer,https://www.kongregate.com/en/games/JamesG466/incremancer,1,13,12,partial,49,2019-11-18,2025-10-23,2026-01-03,2026-06-21
2562,Cursed Treasure 2 Remastered,https://www.kongregate.com/en/games/IriySoft/cursed-treasure-2-remastered,1,12,11,partial,11,2019-12-15,2025-03-15,2025-10-07,2026-06-22
2561,Kuja,https://www.kongregate.com/en/games/filthsu/kuja,1,11,9,partial,4,2019-02-05,2025-08-02,2026-01-03,2026-05-14
2557,UnpuzzleX,https://www.kongregate.com/en/games/KekGames/unpuzzlex,1,7,6,partial,31,2020-07-16,2024-10-07,2026-01-02,2026-06-26
2556,Idle Bouncer,http://www.kongregate.com/games/almostidle/idle-bouncer,4,6,0,yes,24,2018-12-17,2025-09-20,2017-02-15,2017-04-01
2554,Bit Heroes,https://www.kongregate.com/en/games/Juppiomenz/bit-heroes,1,4,2,partial,83,2017-03-23,2025-10-25,2025-10-07,2026-03-27
2554,Crazy Climber,http://www.kongregate.com/games/richpixel/crazy-climber,1,4,3,partial,4,2020-05-30,2024-01-17,2009-11-14,2016-06-28
2553,Gravitee Wars Online,https://www.kongregate.com/en/games/FunkyPear/gravitee-wars-online,1,3,2,partial,19,2020-04-29,2025-11-02,2026-01-03,2026-03-27
2553,Burrito Bison: Launcha Libre,https://www.kongregate.com/games/JuicyBeast/burrito-bison-launcha-libre,4,3,0,yes,60,2018-04-06,2025-10-25,2024-08-06,2025-10-07
2553,Three Goblets,https://www.kongregate.com/games/adventale/three-goblets,4,3,0,yes,4,2021-02-08,2023-12-26,2024-08-06,2025-10-07
2553,The Very Organized Thief,https://www.kongregate.com/games/arcan3artist/the-very-organized-thief,9,3,0,yes,0,,,2024-07-30,2025-10-07
2552,Anti-Idle: The Game,http://www.kongregate.com/games/Tukkun/anti-idle-the-game,1,2,1,partial,62,2014-12-20,2025-09-30,2011-02-09,2016-11-06
2552,Dolphin Olympics 2,https://www.kongregate.com/games/arawkins/dolphin-olympics-2,4,2,0,yes,11,2019-09-28,2025-04-26,2025-08-01,2025-10-07
2552,Upgrade Complete 2,http://www.kongregate.com/games/ArmorGames/upgrade-complete-2,9,2,0,yes,0,,,2016-08-17,2019-07-20
2551,Hexologic,https://www.kongregate.com/games/mythicowl/hexologic,4,1,0,yes,10,2019-02-05,2024-12-15,2025-10-07,2025-10-07
2551,Medieval Cop - The Princess and The Grump,https://www.kongregate.com/en/games/VasantJ/medieval-cop-the-princess-and-the-grump,4,1,0,yes,3,2020-01-02,2024-01-20,2026-01-03,2026-01-03
2551,Realm Grinder,https://www.kongregate.com/games/DivineGames/realm-grinder,4,1,0,yes,49,2015-12-02,2025-08-19,2019-01-08,2019-01-08
2551,Red Crucible: Firestorm,http://www.kongregate.com/games/rocketeergames/red-crucible-firestorm,4,1,0,yes,1,2016-01-08,2016-01-08,2016-08-17,2016-08-17
2551,Retro Bowl,http://www.kongregate.com/games/siread/retro-bowl,4,1,0,yes,31,2020-02-26,2025-08-17,2022-06-25,2022-06-25
2551,Rhythm Doctor (Demo),https://www.kongregate.com/en/games/fizzd/rhythm-doctor-demo,4,1,0,yes,1,2023-05-08,2023-05-08,2026-01-03,2026-01-03
2551,Strike Force Heroes,https://www.kongregate.com/games/JuiceTin/strike-force-heroes,4,1,0,yes,26,2014-09-24,2025-03-30,2019-07-20,2019-07-20
2551,The Peacekeeper,https://www.kongregate.com/games/BerzerkStudio/the-peacekeeper,4,1,0,yes,3,2020-11-07,2024-06-12,2024-08-06,2024-08-06
2551,Factory idle,http://www.kongregate.com/games/Baldurans/factory-idle,9,1,0,yes,0,,,2016-11-06,2016-11-06
2551,Flappy Bird Mobile iphone,http://www.kongregate.com/games/Foizur197/flappy-bird-mobile-iphone,9,1,0,yes,0,,,2014-10-03,2014-10-03
2551,In Space,https://www.kongregate.com/games/pitigamedev/in-space,9,1,0,yes,0,,,2025-10-07,2025-10-07
2551,Reach the core,https://www.kongregate.com/games/mmx95/reach-the-core,9,1,0,yes,0,,,2024-08-06,2024-08-06
2551,SUPERHOTline Miami Deluxe,https://www.kongregate.com/games/Albatr/superhotline-miami,9,1,0,yes,0,,,2025-08-01,2025-08-01
2551,Trader of Stories - Chapter 3,https://www.kongregate.com/en/games/mrudi/trader-of-stories-chapter-3,9,1,0,yes,0,,,2026-01-03,2026-01-03
2521,Bloons Tower Defense 4,http://www.kongregate.com/games/Ninjakiwi/bloons-tower-defense-4,2,71,70,partial,14,2016-05-27,2024-02-21,2010-03-16,2016-06-20
2514,Orbox B,http://www.kongregate.com/games/Arseniy/orbox-b,5,14,14,no,0,,,2007-01-20,2007-03-19
2512,Papa Louie: When Pizzas Attack!,http://www.kongregate.com/games/FliplineStudios/papa-louie-when-pizzas-attack,5,12,12,no,0,,,2007-01-27,2007-03-19
2508,Alpha Force,http://www.kongregate.com/games/Happinesssam/alpha-force,5,8,8,no,0,,,2007-02-10,2007-03-19
2506,Boxhead: More Rooms,http://www.kongregate.com/games/SeanCooper/boxhead-more-rooms,5,6,6,no,0,,,2007-02-24,2007-11-05
2505,Orbox B,http://kongregate.com/games/Arseniy/orbox-b,5,5,5,no,0,,,2007-01-25,2007-03-12
2503,Alpha Force,http://kongregate.com/games/Happinesssam/alpha-force,5,3,3,no,0,,,2007-02-19,2007-03-12
2502,Villainous,http://www.kongregate.com/games/Rete/villainous,5,2,2,no,0,,,2011-08-04,2011-08-08
2501,Bar Refaeli Makeover,http://www.kongregate.com/games/123peppy/bar-refaeli-makeover,5,1,1,no,0,,,2010-12-23,2010-12-23
2501,Blue Knight,http://www.kongregate.com/games/alillm/blue-knight,5,1,1,no,0,,,2010-11-23,2010-11-23
2501,Color Bubbles,http://www.kongregate.com/games/dustOnPc/color-bubbles,5,1,1,no,0,,,2011-03-23,2011-03-23
2501,Consume,http://www.kongregate.com/games/MEGAFATBOY/consume,5,1,1,no,0,,,2011-12-31,2011-12-31
2501,Find That animal,http://www.kongregate.com/games/everydayarcade/find-that-animal,5,1,1,no,0,,,2011-02-27,2011-02-27
2501,Flash Game,http://www.kongregate.com/games/digmDrexel/flash-game,5,1,1,no,0,,,2011-04-12,2011-04-12
2501,gold panic,http://www.kongregate.com/games/zoolumonkey/gold-panic,5,1,1,no,0,,,2011-01-11,2011-01-11
2501,Is your brother EVIL?!?,http://www.kongregate.com/games/AsianSensation3/is-your-brother-evil,5,1,1,no,0,,,2010-10-22,2010-10-22
2501,Life Force TD,http://www.kongregate.com/games/packed/life-force-td,5,1,1,no,0,,,2009-10-14,2009-10-14
2501,Para (Demo),http://www.kongregate.com/games/Moyagames/para-demo,5,1,1,no,0,,,2011-04-09,2011-04-09
2501,Pirates Vs Ninjas,http://www.kongregate.com/games/LongAnimals/pirates-vs-ninjas,5,1,1,no,0,,,2010-10-18,2010-10-18
2501,SNES Music Quiz,http://www.kongregate.com/games/eedok/snes-music-quiz,5,1,1,no,0,,,2010-11-13,2010-11-13
2501,Spaceship Hero,http://www.kongregate.com/games/danshockgames/spaceship-hero,5,1,1,no,0,,,2013-04-11,2013-04-11
2501,Sweet Chocolate Cake,http://www.kongregate.com/games/qdhotgirlsgames/sweet-chocolate-cake,5,1,1,no,0,,,2011-04-16,2011-04-16
2501,Tank Trouble (Newest V...,http://www.kongregate.com/games/jtcun387/tank-trouble-newest-version,5,1,1,no,0,,,2011-03-15,2011-03-15
2501,The Idiot Maze 2#,http://www.kongregate.com/games/deepfriedapple/the-idiot-maze-2,5,1,1,no,0,,,2010-11-08,2010-11-08
2501,Triplets at the picnic,http://www.kongregate.com/games/dressupkiss/triplets-at-the-picnic,5,1,1,no,0,,,2011-03-29,2011-03-29
2501,Type This KIDS!,http://www.kongregate.com/games/mattyz0r/type-this-kids,5,1,1,no,0,,,2011-03-11,2011-03-11
2501,Wack a Mole,http://www.kongregate.com/games/kassRT/wack-a-mole,5,1,1,no,0,,,2011-02-09,2011-02-09
2501,World Cup cricket Kiss,http://www.kongregate.com/games/quicksailor/world-cup-cricket-kiss,5,1,1,no,0,,,2011-03-08,2011-03-08
2501,Zombowling,http://www.kongregate.com/games/HeadMeatGames/zombowling,5,1,1,no,0,,,2010-10-13,2010-10-13
2495,Infectonator : World D...,http://www.kongregate.com/games/TogeProductions/infectonator-world-dominator,1,95,95,no,6,2015-10-21,2024-03-08,2010-02-17,2012-08-22
2478,Kingdom Rush Frontiers,http://www.kongregate.com/games/Ironhidegames/kingdom-rush-frontiers,3,128,18,partial,22,2018-04-08,2023-04-15,2014-01-22,2022-05-19
2477,Kingdom Rush,https://www.kongregate.com/games/Ironhidegames/kingdom-rush,5,27,0,yes,30,2013-09-18,2023-08-15,2019-01-08,2022-11-30
2472,Sonny 2,http://www.kongregate.com/games/ArmorGames/sonny-2,1,72,72,no,4,2014-08-07,2022-10-09,2009-10-14,2010-09-14
2471,Animation Throwdown,http://www.kongregate.com/games/Throwdown/animation-throwdown,5,21,0,yes,94,2018-02-15,2025-08-24,2017-02-15,2017-06-24
2471,Zombidle,http://www.kongregate.com/games/BerzerkStudio/zombidle,5,21,0,yes,3,2016-03-21,2024-02-23,2016-06-01,2017-06-24
2469,Warlords: Call to Arms,http://www.kongregate.com/games/DJStatika/warlords-call-to-arms,2,19,17,partial,2,2014-11-21,2025-09-30,2009-12-09,2014-12-27
2464,NGU IDLE,https://www.kongregate.com/en/games/somethingggg/ngu-idle,2,14,12,partial,107,2018-05-04,2025-08-28,2025-10-07,2026-06-21
2464,Blush Blush,https://www.kongregate.com/en/games/SadPandaStudios/blush-blush,7,14,12,partial,0,,,2025-10-07,2026-06-21
2463,Balloon in a Wasteland,https://www.kongregate.com/en/games/ArmorGames/balloon-in-a-wasteland,2,13,12,partial,1,2022-05-18,2022-05-18,2026-01-03,2026-05-21
2463,Synergism,https://www.kongregate.com/en/games/Platonic/synergism,7,13,12,partial,0,,,2026-01-03,2026-06-21
2461,Crush The Castle 2,https://www.kongregate.com/en/games/ArmorGames/crush-the-castle-2,2,11,9,partial,9,2014-11-19,2025-10-26,2026-01-03,2026-05-14
2460,Micro Siege,http://www.kongregate.com/games/richpixel/micro-siege,2,10,9,partial,2,2024-01-17,2024-01-19,2007-01-20,2016-06-28
2459,Hat Wizard 2,https://www.kongregate.com/en/games/taccommandeur/hat-wizard-2,7,9,7,partial,0,,,2026-01-03,2026-05-14
2459,Tabletop idle,http://www.kongregate.com/games/omgnoob191/tabletop-idle,10,9,0,yes,0,,,2017-05-27,2017-06-18
2457,Escape Game - Computer Office Escape,https://www.kongregate.com/en/games/masasgames/escape-game-computer-office-escape,2,7,6,partial,29,2020-06-21,2025-10-03,2026-01-02,2026-06-26
2457,SPACEPLAN Prototype,http://www.kongregate.com/games/jhollands/spaceplan-prototype,10,7,0,yes,0,,,2017-05-30,2017-06-18
2455,Tap Adventure,http://www.kongregate.com/games/Avaloid/tap-adventure,5,5,0,yes,4,2015-11-20,2021-01-01,2015-10-21,2016-11-06
2454,Reactor idle,https://www.kongregate.com/games/Baldurans/reactor-idle,5,4,0,yes,23,2015-12-11,2025-04-11,2019-01-08,2025-10-07
2453,Aground,https://www.kongregate.com/en/games/terra0nova/aground,2,3,2,partial,17,2018-03-22,2024-09-05,2026-01-03,2026-03-27
2453,Rush Team Free FPS Multiplayers,https://www.kongregate.com/en/games/rokawar/rush-team-free-fps-multiplayers,2,3,2,partial,12,2019-11-01,2025-03-30,2026-01-03,2026-03-27
2453,Bubble Tanks 3,https://www.kongregate.com/games/HeroInteractive/bubble-tanks-3,5,3,0,yes,8,2018-03-23,2024-05-05,2024-08-06,2025-10-07
2453,Cursed Treasure: Level Pack!,https://www.kongregate.com/games/IriySoft/cursed-treasure-level-pack,5,3,0,yes,9,2021-12-19,2024-03-08,2024-08-06,2025-10-07
2453,Flight Simulator - FlyWings 2016,https://www.kongregate.com/games/ThetisGames/flight-simulator-flywings-2016,5,3,0,yes,4,2019-01-26,2024-03-07,2024-08-06,2025-10-07
2453,Hero Simulator,http://www.kongregate.com/games/revanaii/hero-simulator,5,3,0,yes,3,2019-02-27,2023-09-29,2015-08-09,2016-11-06
2453,Supremacy 1914,https://www.kongregate.com/games/bytro/supremacy-1914,5,3,0,yes,9,2020-12-14,2025-05-18,2024-08-06,2025-10-07
2453,Transformice,http://www.kongregate.com/games/Tigrounette/transformice,7,3,1,partial,0,,,2012-07-05,2014-12-27
2453,Wrath II,http://www.kongregate.com/games/Armegalo/wrath-ii,7,3,2,partial,0,,,2011-08-11,2016-06-28
2453,The Final Earth 2,https://www.kongregate.com/games/flori9/the-final-earth-2,10,3,0,yes,0,,,2024-08-06,2025-10-07
2452,Mu Complex : Episode Two,http://www.kongregate.com/games/StudioCime/mu-complex-episode-two,5,2,0,yes,1,2020-03-27,2020-03-27,2015-05-12,2015-05-15
2452,Fantastic Contraption,https://www.kongregate.com/games/inXile_Ent/fantastic-contraption,10,2,0,yes,0,,,2024-07-30,2025-10-07
2452,Galactic Clicker,http://www.kongregate.com/games/ceptri/galactic-clicker,10,2,0,yes,0,,,2015-01-18,2015-01-29
2452,RCM,http://www.kongregate.com/games/groupsky/rcm,10,2,0,yes,0,,,2015-10-04,2015-10-13
2452,Rogue Fable III,https://www.kongregate.com/games/Justin_wang123/rogue-fable-iii,10,2,0,yes,0,,,2024-08-06,2025-10-07
2452,The Tickler,https://www.kongregate.com/games/xpndsprt/the-tickler,10,2,0,yes,0,,,2025-08-01,2025-10-07
2452,Woodclicker,http://www.kongregate.com/games/Exception_e/woodclicker,10,2,0,yes,0,,,2015-05-06,2015-05-12
2451,Blockade3D,http://www.kongregate.com/games/blockadeboss/blockade3d,5,1,0,yes,8,2019-03-28,2025-03-30,2016-08-17,2016-08-17
2451,Three Goblets,https://www.kongregate.com/en/games/adventale/three-goblets,5,1,0,yes,4,2021-02-08,2023-12-26,2026-01-03,2026-01-03
2451,Turbo Golf,https://www.kongregate.com/games/turboNuke/turbo-golf,5,1,0,yes,4,2020-03-24,2025-04-04,2025-10-07,2025-10-07
2451,Blang,http://www.kongregate.com/games/redux/blang,10,1,0,yes,0,,,2016-06-28,2016-06-28
2451,Decision 2,http://www.kongregate.com/games/FlyAnvil/decision-2,10,1,0,yes,0,,,2016-08-17,2016-08-17
2451,Decision 2,https://www.kongregate.com/games/FlyAnvil/decision-2,10,1,0,yes,0,,,2019-07-20,2019-07-20
2451,Duck Hunt,http://www.kongregate.com/games/Killer_Killed/duck-hunt,10,1,0,yes,0,,,2014-10-03,2014-10-03
2446,The Enchanted Cave 2,http://www.kongregate.com/games/DustinAux/the-enchanted-cave-2,6,96,0,yes,29,2015-09-18,2025-05-31,2015-02-07,2021-10-18
2437,Desktop Tower Defense 1.5,http://www.kongregate.com/games/preecep/desktop-tower-defense-1-5,1,37,37,no,1,2019-10-11,2019-10-11,2007-11-05,2011-02-07
2437,Music Catch 2,http://www.kongregate.com/games/Reflexive/music-catch-2,6,37,37,no,0,,,2009-10-14,2010-02-14
2436,Badge Master,http://www.kongregate.com/games/Senekis93/badge-master,6,36,36,no,0,,,2011-10-20,2012-05-04
2433,Burrito Bison Revenge,http://www.kongregate.com/games/JuicyBeast/burrito-bison-revenge,3,83,47,partial,31,2014-07-22,2024-01-29,2012-03-09,2015-10-16
2423,Backyard Monsters,http://www.kongregate.com/games/KIXEYE/backyard-monsters,1,23,23,no,1,2015-02-19,2015-02-19,2011-12-31,2013-06-10
2413,Kongai,http://www.kongregate.com/games/Kongregate/kongai,1,13,13,no,3,2020-07-31,2024-01-19,2009-12-09,2012-04-15
2411,Ghost Hacker,https://www.kongregate.com/en/games/CoreSector/ghost-hacker,6,11,11,no,0,,,2026-01-03,2026-06-22
2408,The King's League: Odyssey,https://www.kongregate.com/en/games/kurechii/the-kings-league-odyssey,1,8,8,no,24,2015-05-01,2025-05-30,2026-01-05,2026-06-22
2404,CS Portable,http://www.kongregate.com/games/CriticalForceEt/counter-strike-web-browser-based-port-v2,3,54,2,partial,4,2015-06-16,2016-05-03,2014-08-08,2017-03-18
2403,Bowmaster Prelude,http://www.kongregate.com/games/lostvector/bowmaster-prelude,1,3,3,no,2,2020-11-13,2020-11-14,2007-03-15,2007-11-05
2403,The Fancy Pants Adventure: World 2 demo,http://www.kongregate.com/games/DrNeroCF/the-fancy-pants-adventure-world-2-demo,1,3,3,no,2,2020-12-09,2024-01-20,2007-03-15,2007-11-05
2402,Boxhead: More Rooms,http://kongregate.com/games/SeanCooper/boxhead-more-rooms,6,2,2,no,0,,,2007-02-27,2007-03-12
2401,Adventure Story,http://www.kongregate.com/games/kupo707/adventure-story,6,1,1,no,0,,,2012-01-15,2012-01-15
2401,Alice's Ice Bar,http://www.kongregate.com/games/zygomaticgames/alices-ice-bar,6,1,1,no,0,,,2010-11-08,2010-11-08
2401,BearBoy and the Cursor,http://www.kongregate.com/games/TecknozThaBezt/bearboy-and-the-cursor,6,1,1,no,0,,,2011-04-05,2011-04-05
2401,Bouncy ball!,http://www.kongregate.com/games/Gamerpwnage50/bouncy-ball,6,1,1,no,0,,,2011-03-19,2011-03-19
2401,Chat/Read!,http://www.kongregate.com/games/GMBL629/chat-read,6,1,1,no,0,,,2010-10-22,2010-10-22
2401,Enjoy,http://www.kongregate.com/games/heroikcom/enjoy,6,1,1,no,0,,,2011-01-11,2011-01-11
2401,Hidden Numbers-Natalie...,http://www.kongregate.com/games/games2rule/hidden-numbers-natalie-portman,6,1,1,no,0,,,2011-03-08,2011-03-08
2401,Leprechaun’s Daughter ...,http://www.kongregate.com/games/GameVoyage/leprechaun-s-daughter-coloring,6,1,1,no,0,,,2011-03-11,2011-03-11
2401,Lilly Kissing Pet Salon,http://www.kongregate.com/games/dressupkiss/lilly-kissing-pet-salon,6,1,1,no,0,,,2011-03-29,2011-03-29
2401,Marksmen Hunter,http://www.kongregate.com/games/Gamershood/marksmen-hunter,6,1,1,no,0,,,2011-02-09,2011-02-09
2401,Methus' Tower Defence,http://www.kongregate.com/games/Xplored/methus-tower-defence,6,1,1,no,0,,,2009-10-14,2009-10-14
2401,Mosquito Killer,http://www.kongregate.com/games/devinl/mosquito-killer,6,1,1,no,0,,,2011-03-15,2011-03-15
2401,musicTest,http://www.kongregate.com/games/hollyfxxk/musictest,6,1,1,no,0,,,2011-02-27,2011-02-27
2401,Panda Jigsaw Puzzle,http://www.kongregate.com/games/waykale/panda-jigsaw-puzzle,6,1,1,no,0,,,2011-12-31,2011-12-31
2401,Polar PWND 2,http://www.kongregate.com/games/Orbitgametech/polar-pwnd-2,6,1,1,no,0,,,2010-11-13,2010-11-13
2401,Rio Match Up,http://www.kongregate.com/games/games2rule/rio-match-up,6,1,1,no,0,,,2011-04-16,2011-04-16
2401,Romantic Pursuit,http://www.kongregate.com/games/WitegArtStudio/romantic-pursuit,6,1,1,no,0,,,2010-11-23,2010-11-23
2401,swing game,http://www.kongregate.com/games/kuma360/swing-game,6,1,1,no,0,,,2011-03-23,2011-03-23
2401,Timmy : Drug addict.,http://www.kongregate.com/games/RozorInc/timmy-drug-addict,6,1,1,no,0,,,2010-10-13,2010-10-13
2401,traction care and figh...,http://www.kongregate.com/games/jmhall2999/traction-care-and-fight-working-edition,6,1,1,no,0,,,2011-04-09,2011-04-09
2401,Twisting Puzzle Christmas,http://www.kongregate.com/games/chasegames/twisting-puzzle-christmas,6,1,1,no,0,,,2010-12-23,2010-12-23
2401,Word Puzzle,http://www.kongregate.com/games/danshockgames/word-puzzle,6,1,1,no,0,,,2013-04-11,2013-04-11
2401,Zombie Racers Score At...,http://www.kongregate.com/games/bigheadlc/zombie-racers-score-attack,6,1,1,no,0,,,2010-10-18,2010-10-18
2391,Red Crucible 2,http://www.kongregate.com/games/rocketeergames/red-crucible,8,41,14,partial,0,,,2013-12-02,2016-03-06
2379,Sonny,http://www.kongregate.com/games/ArmorGames/sonny,2,79,79,no,9,2019-01-10,2022-10-09,2009-10-14,2010-09-14
2375,The Perfect Tower,https://www.kongregate.com/en/games/XmmmX99/the-perfect-tower,3,25,23,partial,62,2016-03-30,2025-05-31,2025-10-07,2026-06-22
2375,Learn to Fly 2,https://www.kongregate.com/games/light_bringer777/learn-to-fly-2,6,25,0,yes,55,2014-10-20,2025-06-18,2019-01-08,2022-11-30
2373,Cursed Treasure: Level...,http://www.kongregate.com/games/IriySoft/cursed-treasure-level-pack,3,23,22,partial,9,2021-12-19,2024-03-08,2011-08-04,2016-06-20
2363,Sift Heads World Act 1,https://www.kongregate.com/en/games/WebCypher/sift-heads-world-act-1,3,13,12,partial,5,2019-11-18,2025-08-02,2026-01-03,2026-05-21
2361,The Journey Home,https://www.kongregate.com/en/games/Raius_/the-journey-home,3,11,9,partial,10,2021-06-20,2025-10-11,2026-01-03,2026-05-14
2359,Zombie Derby 2,https://www.kongregate.com/en/games/BrineMedia/zombie-derby-2,8,9,7,partial,0,,,2026-01-03,2026-05-14
2358,Idle Online Universe,http://www.kongregate.com/games/iouRPG/idle-online-universe,6,8,0,yes,32,2015-08-04,2025-09-01,2015-08-09,2016-06-01
2357,Medieval Chronicles 9 (Part 2),https://www.kongregate.com/en/games/VasantJ/medieval-chronicles-9-part-2,3,7,6,partial,8,2020-07-16,2024-01-20,2026-01-02,2026-06-26
2357,Revolution Idle 2,http://www.kongregate.com/games/Gumrok/revolution-idle-2,6,7,0,yes,6,2021-05-19,2025-07-17,2017-05-06,2017-05-30
2353,Food Chain,http://www.kongregate.com/games/Kaffeen/food-chain,3,3,2,partial,1,2024-01-19,2024-01-19,2011-08-11,2016-06-28
2353,Hunters and Props,https://www.kongregate.com/en/games/Dimofan/hunters-and-props,3,3,2,partial,9,2016-03-11,2020-10-24,2026-01-03,2026-03-27
2353,Creeper World 3: Abraxis,https://www.kongregate.com/games/whiteboardwar/creeper-world-3-abraxis,6,3,0,yes,9,2014-08-25,2025-09-20,2024-08-06,2025-10-07
2353,Factory Balls forever,https://www.kongregate.com/games/bontegames/factory-balls-forever,6,3,0,yes,26,2020-01-08,2025-09-18,2024-07-30,2025-10-07
2353,Rogue Isles,https://www.kongregate.com/games/ConnorBohan/rogue-isles,6,3,0,yes,11,2020-04-27,2021-08-23,2024-08-06,2025-10-07
2353,GemCraft Labyrinth,http://www.kongregate.com/games/gameinabottle/gemcraft-labyrinth,8,3,2,partial,0,,,2011-08-04,2016-06-20
2351,A Dance of Fire and Ice,https://www.kongregate.com/en/games/fizzd/a-dance-of-fire-and-ice,6,1,0,yes,3,2015-08-26,2022-12-28,2026-01-03,2026-01-03
2351,Cursed Treasure 2,http://www.kongregate.com/games/IriySoft/cursed-treasure-2,6,1,0,yes,7,2020-10-22,2023-05-05,2016-06-20,2016-06-20
2351,Evo Explores,https://www.kongregate.com/games/tobeglad/evo-explores,6,1,0,yes,15,2019-07-02,2025-03-02,2025-08-01,2025-08-01
2351,Insectonator: Zombie mode,https://www.kongregate.com/games/FlyAnvil/insectonator-zombie-mode,6,1,0,yes,4,2014-09-24,2024-01-22,2024-08-06,2024-08-06
2351,Reactor idle,http://www.kongregate.com/games/Baldurans/reactor-idle,6,1,0,yes,23,2015-12-11,2025-04-11,2016-11-06,2016-11-06
2351,UPGRADE COMPLETE!,https://www.kongregate.com/games/ArmorGames/upgrade-complete,6,1,0,yes,29,2018-03-12,2025-07-10,2019-07-20,2019-07-20
2351,APB Reloaded,http://www.kongregate.com/games/reloadedgames/apb-reloaded,11,1,0,yes,0,,,2016-08-17,2016-08-17
2351,Galactic Gravity Golf,http://www.kongregate.com/games/Armegalo/galactic-gravity-golf,11,1,0,yes,0,,,2016-06-28,2016-06-28
2351,Monster War Zone 2,http://www.kongregate.com/games/monsterplay999/monster-war-zone-2,11,1,0,yes,0,,,2014-10-03,2014-10-03
2335,Dolphin Olympics 2,http://www.kongregate.com/games/arawkins/dolphin-olympics-2,2,35,35,no,11,2019-09-28,2025-04-26,2009-10-14,2010-06-13
2318,Rebuild 2,http://www.kongregate.com/games/sarahnorthway/rebuild-2,2,18,18,no,8,2022-02-20,2024-08-19,2011-10-16,2012-02-11
2314,Chaos Faction,http://www.kongregate.com/games/JorjEade/chaos-faction,7,14,14,no,0,,,2007-01-20,2007-03-19
2311,Cursed Treasure,https://www.kongregate.com/en/games/IriySoft/cursed-treasure,2,11,11,no,10,2019-09-28,2024-05-09,2026-01-03,2026-06-22
2308,New Star Soccer,http://www.kongregate.com/games/siread/new-star-soccer,2,8,8,no,3,2021-06-22,2022-10-23,2012-04-19,2012-05-04
2305,The Fancy Pants Adventures,http://kongregate.com/games/DrNeroCF/the-fancy-pants-adventures,2,5,5,no,9,2017-09-15,2023-12-17,2007-01-25,2007-03-12
2305,Chaos Faction,http://kongregate.com/games/JorjEade/chaos-faction,7,5,5,no,0,,,2007-01-25,2007-03-12
2304,Epic Battle Fantasy 3,http://www.kongregate.com/games/kupo707/epic-battle-fantasy-3,2,4,4,no,7,2016-01-29,2024-01-19,2010-09-06,2011-08-08
2302,CS Portable,http://www.kongregate.com/games/IgorLevochkin/counter-strike-web-browser-based-port-v2,7,2,2,no,0,,,2013-06-01,2013-08-21
2301,Desktop Tower Defense,http://www.kongregate.com/games/preecep/desktop-tower-defense,2,1,1,no,1,2020-12-03,2020-12-03,2007-11-05,2007-11-05
2301,YouKongregate,http://www.kongregate.com/games/locos/youkongregate,2,1,1,no,1,2025-05-18,2025-05-18,2011-02-09,2011-02-09
2301,10 Second Game V2.0,http://www.kongregate.com/games/JAYMEETEE/10-second-game-v2-0,7,1,1,no,0,,,2011-03-23,2011-03-23
2301,Are Cats Wonderfull?,http://www.kongregate.com/games/Stronglime/are-cats-wonderfull,7,1,1,no,0,,,2011-03-15,2011-03-15
2301,bad cat,http://www.kongregate.com/games/404HX/bad-cat,7,1,1,no,0,,,2011-03-08,2011-03-08
2301,Bratz in Venice,http://www.kongregate.com/games/dressupkiss/bratz-in-venice,7,1,1,no,0,,,2011-03-29,2011-03-29
2301,CargoMaster 2,http://www.kongregate.com/games/FreeWorldGroup/cargomaster-2,7,1,1,no,0,,,2011-04-09,2011-04-09
2301,Checkers,http://www.kongregate.com/games/deesus/checkers,7,1,1,no,0,,,2011-04-12,2011-04-12
2301,Dual Kiss,http://www.kongregate.com/games/games2rule/dual-kiss,7,1,1,no,0,,,2011-04-16,2011-04-16
2301,Faster Find the Numbers,http://www.kongregate.com/games/123bee/faster-find-the-numbers,7,1,1,no,0,,,2010-12-23,2010-12-23
2301,Fruit Game,http://www.kongregate.com/games/romania356/fruit-game,7,1,1,no,0,,,2010-11-08,2010-11-08
2301,Green Beret Castle Ass...,http://www.kongregate.com/games/ovioros/green-beret-castle-assault,7,1,1,no,0,,,2011-03-19,2011-03-19
2301,Hidden Numbers,http://www.kongregate.com/games/games2rule/hidden-numbers,7,1,1,no,0,,,2009-10-14,2009-10-14
2301,Hungry Shapes 2,http://www.kongregate.com/games/Alex_SpilGames/hungry-shapes-2,7,1,1,no,0,,,2011-02-09,2011-02-09
2301,Jackass: T-Ballin',http://www.kongregate.com/games/rubberrepublic/jackass-t-ballin,7,1,1,no,0,,,2010-11-23,2010-11-23
2301,KaboomBot,http://www.kongregate.com/games/argene_t/kaboombot,7,1,1,no,0,,,2011-03-11,2011-03-11
2301,Minevoider,http://www.kongregate.com/games/asasata/minevoider,7,1,1,no,0,,,2010-10-18,2010-10-18
2301,Mushroom Madness 2,http://www.kongregate.com/games/KingDotCom/mushroom-madness-2,7,1,1,no,0,,,2011-02-07,2011-02-07
2301,New Year Shopping Dres...,http://www.kongregate.com/games/games2rule/new-year-shopping-dress-up,7,1,1,no,0,,,2011-12-31,2011-12-31
2301,Oliver & the Basilisks,http://www.kongregate.com/games/xopods/oliver-the-basilisks,7,1,1,no,0,,,2010-10-13,2010-10-13
2301,Phobiaphobiaphobia,http://www.kongregate.com/games/TerryCavanagh_B/phobiaphobiaphobia,7,1,1,no,0,,,2010-10-22,2010-10-22
2301,Pizza Truck,http://www.kongregate.com/games/TecknozThaBezt/pizza-truck,7,1,1,no,0,,,2011-04-05,2011-04-05
2301,SolidBlock,http://www.kongregate.com/games/P3drc/solidblock,7,1,1,no,0,,,2013-04-11,2013-04-11
2301,Totems,http://www.kongregate.com/games/SnailsAnimation/totems,7,1,1,no,0,,,2011-02-27,2011-02-27
2301,Treasure Hunt Battle,http://www.kongregate.com/games/loldog/treasure-hunt-battle,7,1,1,no,0,,,2010-11-13,2010-11-13
2301,Voodoo Charms,http://www.kongregate.com/games/gamenet/voodoo-charms,7,1,1,no,0,,,2011-01-11,2011-01-11
2273,Dream World,http://www.kongregate.com/games/kingk/dream-world,4,23,21,partial,34,2022-02-23,2025-06-20,2011-07-06,2014-12-27
2272,Trimps,https://www.kongregate.com/en/games/GreenSatellite/trimps,4,22,20,partial,26,2016-09-17,2025-05-13,2025-10-07,2026-06-22
2266,Tyrant Unleashed,http://www.kongregate.com/games/synapticon/tyrant-unleashed-web,7,16,0,yes,15,2021-05-13,2025-03-12,2015-01-18,2015-10-21
2261,Multitask,https://www.kongregate.com/en/games/IcyLime/multitask,4,11,9,partial,15,2019-09-28,2025-10-12,2026-01-03,2026-05-14
2261,Midas' Gold Plus,http://www.kongregate.com/games/HolydayStudios/midas-gold-plus,12,11,0,yes,0,,,2017-02-15,2017-05-30
2257,Medieval Chronicles 8 (Part 2),https://www.kongregate.com/en/games/VasantJ/medieval-chronicles-8-part-2,4,7,6,partial,13,2020-07-16,2024-01-20,2026-01-02,2026-06-26
2257,Idle Tower Defense,http://www.kongregate.com/games/tbiz5270/idle-tower-defense,7,7,0,yes,2,2023-04-17,2023-12-21,2017-06-03,2017-06-24
2255,Spiral Knights,http://www.kongregate.com/games/SpiralKnights/spiral-knights,5,105,65,partial,1,2024-04-13,2024-04-13,2012-03-21,2016-03-06
2253,Balloon Go Pop!,http://www.kongregate.com/games/suttree/balloon-go-pop,4,3,2,partial,1,2024-01-17,2024-01-17,2011-08-11,2016-06-28
2253,Everybody Edits,https://www.kongregate.com/en/games/MegaLamb/everybody-edits,4,3,2,partial,5,2020-10-15,2025-04-02,2026-01-03,2026-03-27
2253,Cactus McCoy 2,https://www.kongregate.com/games/FliplineStudios/cactus-mccoy-2,7,3,0,yes,2,2019-09-28,2023-03-05,2024-08-06,2025-10-07
2253,Cube Escape: Theatre,https://www.kongregate.com/games/RustyLake/cube-escape-theatre,7,3,0,yes,2,2016-05-03,2019-07-02,2024-07-30,2025-10-07
2253,Dead Land: Survival,https://www.kongregate.com/games/GeronimoApps/dead-land-survival,7,3,0,yes,5,2020-04-27,2025-08-22,2024-08-06,2025-10-07
2253,Konkr.io,https://www.kongregate.com/games/Embair/konkr-io,7,3,0,yes,26,2023-07-10,2025-09-08,2024-08-06,2025-10-07
2253,The Dark One,https://www.kongregate.com/games/Tenfor/the-dark-one,7,3,0,yes,1,2020-11-03,2020-11-03,2024-08-06,2025-10-07
2252,Cubito Mayhem,https://www.kongregate.com/games/oultrox/cubito-mayhem,7,2,0,yes,18,2020-12-10,2025-09-04,2025-08-01,2025-10-07
2252,Epic Boss Fighter 2,http://www.kongregate.com/games/EntForge/epic-boss-fighter-2,12,2,0,yes,0,,,2015-03-13,2015-03-19
2251,Commando Assault,https://www.kongregate.com/games/miniclip/commando-assault,7,1,0,yes,2,2022-08-15,2024-05-14,2024-08-06,2024-08-06
2251,Kana Warrior / かなウォリアー,https://www.kongregate.com/en/games/Tukkun/kana-warrior,7,1,0,yes,17,2020-03-24,2025-08-30,2026-01-03,2026-01-03
2251,Tangerine Tycoon,https://www.kongregate.com/games/GazThomas/tangerine-tycoon,7,1,0,yes,9,2015-01-25,2024-10-08,2019-01-08,2019-01-08
2251,TDP4 Team Battle,https://www.kongregate.com/games/JavelinOU/tdp4-team-battle,7,1,0,yes,4,2016-08-17,2023-11-11,2019-07-20,2019-07-20
2251,Armor Mayhem,https://www.kongregate.com/games/JuicyBit/armor-mayhem,12,1,0,yes,0,,,2019-07-20,2019-07-20
2251,Carbon Combat,http://www.kongregate.com/games/CarbonTech/carbon-combat,12,1,0,yes,0,,,2016-08-17,2016-08-17
2251,Galactic Gravity Golf Deluxe,http://www.kongregate.com/games/Armegalo/galactic-gravity-golf-deluxe,12,1,0,yes,0,,,2016-06-28,2016-06-28
2251,Learn to Fly Idle,https://www.kongregate.com/games/light_bringer777/learn-to-fly-idle,12,1,0,yes,0,,,2019-01-08,2019-01-08
2251,Tap Tap Infinity,http://www.kongregate.com/games/TapTapInfinity/tap-tap-infinity,12,1,0,yes,0,,,2015-01-18,2015-01-18
2251,The Forgotten Soul,http://www.kongregate.com/games/SandraKim/the-forgotten-soul,12,1,0,yes,0,,,2014-10-03,2014-10-03
2220,Elephant Quest,http://www.kongregate.com/games/ArmorGames/elephant-quest,3,20,20,no,34,2019-10-17,2024-08-19,2011-08-04,2011-11-27
2213,Clash of the Dragons,http://www.kongregate.com/games/5thPlanetGames/clash-of-the-dragons,3,13,13,no,1,2019-11-21,2019-11-21,2012-01-15,2012-05-04
2213,Extreme Heli Boarding,http://www.kongregate.com/games/BubbleBox/extreme-heli-boarding,3,13,13,no,2,2023-12-13,2024-01-17,2007-01-22,2007-03-19
2211,Thing-Thing 3,http://www.kongregate.com/games/Weasel/thing-thing-3,3,11,11,no,1,2023-09-11,2023-09-11,2007-02-02,2007-03-19
2204,Thing-Thing 3,http://kongregate.com/games/Weasel/thing-thing-3,3,4,4,no,1,2023-09-11,2023-09-11,2007-01-31,2007-03-12
2204,King's Bounty: Legions,http://www.kongregate.com/games/NivalPublishing/kings-bounty-legions,8,4,4,no,0,,,2012-05-03,2012-05-04
2204,Papa Louie: When Pizzas Attack!,http://kongregate.com/games/FliplineStudios/papa-louie-when-pizzas-attack,8,4,4,no,0,,,2007-01-31,2007-03-12
2202,Electricman2HS,http://www.kongregate.com/games/FreeWorldGroup/electricman2hs,3,2,2,no,1,2024-02-05,2024-02-05,2007-03-15,2007-03-19
2202,Chuck the Sheep,http://www.kongregate.com/games/ArmorGames/chuck-the-sheep,8,2,2,no,0,,,2012-02-11,2012-02-12
2201,3D Logic 2: Stronghold of Sage,http://www.kongregate.com/games/AlexMatveev/3d-logic-2-stronghold-of-sage,3,1,1,no,2,2021-01-21,2023-02-26,2007-11-05,2007-11-05
2201,Bed and Breakfast 2,http://www.kongregate.com/games/FreeWorldGroup/bed-and-breakfast-2,8,1,1,no,0,,,2011-03-15,2011-03-15
2201,BraveLoli,http://www.kongregate.com/games/copygirl/braveloli,8,1,1,no,0,,,2011-03-08,2011-03-08
2201,CagePotato's Power Punch,http://www.kongregate.com/games/UUDDGames/cagepotatos-power-punch,8,1,1,no,0,,,2011-03-19,2011-03-19
2201,Danger Days,http://www.kongregate.com/games/danshockgames/danger-days,8,1,1,no,0,,,2013-04-11,2013-04-11
2201,Do Not Press,http://www.kongregate.com/games/fancygamer/do-not-press,8,1,1,no,0,,,2011-04-05,2011-04-05
2201,Escape lab,http://www.kongregate.com/games/binhop/escape-lab,8,1,1,no,0,,,2010-10-22,2010-10-22
2201,Gathe Escape-New Year ...,http://www.kongregate.com/games/games2rule/gathe-escape-new-year-party,8,1,1,no,0,,,2011-12-31,2011-12-31
2201,Get Home,http://www.kongregate.com/games/jorgnsn/get-home,8,1,1,no,0,,,2010-10-13,2010-10-13
2201,Grab the Penicals,http://www.kongregate.com/games/Brett893/grab-the-penicals,8,1,1,no,0,,,2011-04-09,2011-04-09
2201,GrindQuest,http://www.kongregate.com/games/Abra24/grindquest,8,1,1,no,0,,,2011-02-09,2011-02-09
2201,Halloween Match,http://www.kongregate.com/games/egryan1/halloween-match,8,1,1,no,0,,,2010-10-18,2010-10-18
2201,Hidden Alphabets-Emma ...,http://www.kongregate.com/games/games2rule/hidden-alphabets-emma-watson,8,1,1,no,0,,,2010-12-23,2010-12-23
2201,I Hate Eyes,http://www.kongregate.com/games/playZombie/i-hate-eyes,8,1,1,no,0,,,2011-01-11,2011-01-11
2201,Idiot Test,http://www.kongregate.com/games/mattxy8/idiot-test,8,1,1,no,0,,,2011-02-27,2011-02-27
2201,"Maze, 2",http://www.kongregate.com/games/ic2000/maze-2,8,1,1,no,0,,,2010-11-23,2010-11-23
2201,Motion Music Tetris (P...,http://www.kongregate.com/games/purecube/motion-music-tetris-part-1-horizontal-lines,8,1,1,no,0,,,2010-11-13,2010-11-13
2201,OhMyHat,http://www.kongregate.com/games/airballda1/ohmyhat,8,1,1,no,0,,,2011-04-16,2011-04-16
2201,PAC-MAN,http://www.kongregate.com/games/deesus/pac-man,8,1,1,no,0,,,2011-04-12,2011-04-12
2201,Platform Block Demo,http://www.kongregate.com/games/PickOnSomeone/platform-block-demo,8,1,1,no,0,,,2011-03-23,2011-03-23
2201,Portal: The Flash Version,http://www.kongregate.com/games/Dragy/portal-the-flash-version,8,1,1,no,0,,,2007-11-05,2007-11-05
2201,Real sim girl,http://www.kongregate.com/games/DigitalArrow/real-sim-girl,8,1,1,no,0,,,2011-03-29,2011-03-29
2201,Robby's Choices!,http://www.kongregate.com/games/XxNamExX/robbys-choices,8,1,1,no,0,,,2009-10-14,2009-10-14
2201,Robot Butler,http://www.kongregate.com/games/RUSTLTD/robot-butler,8,1,1,no,0,,,2011-02-09,2011-02-09
2201,Selena party make up,http://www.kongregate.com/games/games2rule/selena-party-make-up,8,1,1,no,0,,,2010-11-08,2010-11-08
2201,Smooth Bowling,http://www.kongregate.com/games/Aiursrage2k/smooth-bowling,8,1,1,no,0,,,2011-03-11,2011-03-11
2175,SAS: Zombie Assault 4,https://www.kongregate.com/games/Ninjakiwi/sas-zombie-assault-4,8,25,0,yes,28,2016-03-07,2023-06-19,2019-01-08,2022-11-30
2173,The Enchanted Cave 2,https://www.kongregate.com/games/DustinAux/the-enchanted-cave-2,8,23,0,yes,29,2015-09-18,2025-05-31,2019-01-08,2022-11-30
2171,Reactor idle,https://www.kongregate.com/en/games/Baldurans/reactor-idle,5,21,20,partial,23,2015-12-11,2025-04-11,2026-01-03,2026-06-22
2161,Accelerator,https://www.kongregate.com/en/games/TenebrousP/accelerator,5,11,9,partial,28,2018-03-12,2025-08-23,2026-01-03,2026-05-14
2161,Legacy of a Thousand Suns,http://www.kongregate.com/games/5thPlanetGames/legacy-of-a-thousand-suns,5,11,9,partial,1,2019-11-30,2019-11-30,2012-02-29,2014-12-27
2159,The King's League: Odyssey,http://www.kongregate.com/games/kurechii/the-kings-league-odyssey,6,109,4,partial,24,2015-05-01,2025-05-30,2013-06-01,2019-06-20
2159,Treasure Arena,https://www.kongregate.com/en/games/Vennril/treasure-arena,10,9,7,partial,0,,,2026-01-03,2026-05-14
2157,There is no game,https://www.kongregate.com/en/games/KaMiZoTo_Creator/there-is-no-game,5,7,6,partial,20,2017-03-29,2024-09-24,2026-01-02,2026-06-26
2157,Scalak,https://www.kongregate.com/en/games/chomi3/scalak,10,7,6,partial,0,,,2026-01-02,2026-06-26
2156,Slurpy Derpy,http://www.kongregate.com/games/ScaryBee/slurpy-derpy,13,6,0,yes,0,,,2017-05-06,2017-05-28
2153,Guppy Guard Express,http://www.kongregate.com/games/FliplineStudios/guppy-guard-express,5,3,2,partial,1,2019-09-28,2019-09-28,2011-08-11,2016-06-28
2153,The King of Towers,http://www.kongregate.com/games/Shinezone/thekingoftowers,8,3,0,yes,1,2019-10-21,2019-10-21,2015-01-18,2015-02-07
2152,Animation Throwdown,https://www.kongregate.com/games/Throwdown/animation-throwdown,8,2,0,yes,94,2018-02-15,2025-08-24,2024-08-06,2025-08-01
2152,Rhomb,https://www.kongregate.com/games/KekGames/rhomb,8,2,0,yes,13,2019-07-02,2025-06-16,2024-07-30,2025-08-01
2151,Animation Throwdown,https://www.kongregate.com/en/games/Throwdown/animation-throwdown,8,1,0,yes,94,2018-02-15,2025-08-24,2025-10-07,2025-10-07
2151,Crusaders of the Lost Idols,https://www.kongregate.com/games/Codename_Enter/crusaders-of-the-lost-idols,8,1,0,yes,8,2018-04-19,2024-01-20,2019-01-08,2019-01-08
2151,Knight-errant,https://www.kongregate.com/games/FractalSunrise/knight-errant,8,1,0,yes,17,2020-04-17,2023-12-28,2025-10-07,2025-10-07
2151,Plinko Idle,https://www.kongregate.com/en/games/Zamol/the-black-box,8,1,0,yes,3,2023-09-28,2025-04-13,2026-01-03,2026-01-03
2151,Shoot & Sow,https://www.kongregate.com/en/games/Iurii1/shoot-sow,8,1,0,yes,34,2023-12-04,2025-09-08,2025-10-07,2025-10-07
2151,BeGone: Guerra,https://www.kongregate.com/games/nplay/begone-guerra,13,1,0,yes,0,,,2019-07-20,2019-07-20
2151,Escape Mystic Room,http://www.kongregate.com/games/quicksailor/escape-mystic-room,13,1,0,yes,0,,,2014-10-03,2014-10-03
2123,Toss the Turtle,http://www.kongregate.com/games/Foreverkul/toss-the-turtle,9,23,23,no,0,,,2009-12-07,2010-01-30
2116,Crazy Fairies,http://www.kongregate.com/games/Spicyhorse/crazyfairies,6,66,7,partial,1,2019-09-08,2019-09-08,2012-08-27,2016-08-05
2111,Cursed Treasure: Level Pack!,https://www.kongregate.com/en/games/IriySoft/cursed-treasure-level-pack,4,11,11,no,9,2021-12-19,2024-03-08,2026-01-03,2026-06-22
2108,Warp Forest,http://www.kongregate.com/games/Arseniy/warp-forest,4,8,8,no,2,2024-01-20,2024-02-23,2007-01-20,2007-02-12
2105,Extreme Heli Boarding,http://kongregate.com/games/BubbleBox/extreme-heli-boarding,4,5,5,no,2,2023-12-13,2024-01-17,2007-01-25,2007-03-12
2101,Ayumilove HackerStory V1,http://www.kongregate.com/games/ayumilove/ayumilove-hackerstory-v1,4,1,1,no,2,2021-01-11,2024-01-17,2011-02-09,2011-02-09
2101,Echoes: Operation Stra...,http://www.kongregate.com/games/Dragy/echoes-operation-stranglehold,4,1,1,no,2,2020-03-31,2023-11-06,2011-02-09,2011-02-09
2101,Robin the Archer in Pixeland,http://www.kongregate.com/games/slixmedia/robin-the-archer-in-pixeland,9,1,1,no,0,,,2009-10-14,2009-10-14
2101,The Last Stand,http://www.kongregate.com/games/ConArtists/the-last-stand,9,1,1,no,0,,,2007-11-05,2007-11-05
2063,Endless Zombie Rampage 2,https://www.kongregate.com/en/games/Weasel/endless-zombie-rampage-2,6,13,12,partial,3,2023-02-11,2025-04-26,2026-01-03,2026-05-21
2061,Burrito Bison: Launcha Libre,https://www.kongregate.com/en/games/JuicyBeast/burrito-bison-launcha-libre,6,11,9,partial,60,2018-04-06,2025-10-25,2026-01-03,2026-05-14
2061,TDP4 Team Battle,http://www.kongregate.com/games/JavelinOU/tdp4-team-battle,6,11,8,partial,4,2016-08-17,2023-11-11,2012-01-15,2016-08-17
2057,Medieval Chronicles 9,https://www.kongregate.com/en/games/VasantJ/medieval-chronicles-9,6,7,6,partial,2,2024-01-17,2024-01-20,2026-01-02,2026-06-26
2055,Demon War: Idle Rebellion,http://www.kongregate.com/games/ColdCoreStudios/demon-war-idle-rebellion,9,5,0,yes,1,2021-10-14,2021-10-14,2016-12-22,2017-03-04
2055,NGU IDLE,http://www.kongregate.com/games/somethingggg/ngu-idle,9,5,0,yes,107,2018-05-04,2025-08-28,2019-04-01,2022-05-19
2053,Cardinal Quest 2,https://www.kongregate.com/en/games/randomnine/cardinal-quest-2,6,3,2,partial,4,2016-09-21,2025-03-06,2026-01-03,2026-03-27
2053,Meteor Blastor,http://www.kongregate.com/games/FliplineStudios/meteor-blastor,6,3,2,partial,1,2024-01-19,2024-01-19,2011-08-11,2016-06-28
2053,Cividlization 2,https://www.kongregate.com/games/to_change_later/cividlization-2,9,3,0,yes,9,2020-01-20,2022-09-12,2024-08-06,2025-10-07
2053,Monster Clearer,https://www.kongregate.com/games/adventale/monster-clearer,9,3,0,yes,20,2021-10-05,2025-02-05,2024-08-06,2025-10-07
2053,Swarm Simulator,https://www.kongregate.com/games/swarmsim/swarm-simulator,9,3,0,yes,15,2017-09-01,2024-08-19,2019-01-08,2025-08-01
2052,Learn to Fly,http://www.kongregate.com/games/light_bringer777/learn-to-fly,5,52,52,no,26,2014-10-20,2025-10-01,2009-10-14,2010-03-15
2052,Computer Evolution,http://www.kongregate.com/games/joao8991/computer-evolution,9,2,0,yes,4,2019-04-16,2023-08-31,2017-03-11,2017-04-01
2052,Strikeforce Kitty 2,http://www.kongregate.com/games/MARTINIRosso/strikeforce-kitty-2,9,2,0,yes,6,2019-01-16,2025-03-30,2015-01-29,2015-02-07
2052,Royal Squad,http://www.kongregate.com/games/platon_skedow/royal-squad,14,2,0,yes,0,,,2015-05-06,2015-05-12
2052,The Money Makers,http://www.kongregate.com/games/AlpagaGames/the-money-makers,14,2,0,yes,0,,,2015-08-09,2015-08-17
2051,Helmet Heroes,https://www.kongregate.com/en/games/robscherer123/helmet-heroes,9,1,0,yes,1,2019-09-17,2019-09-17,2026-01-03,2026-01-03
2051,Mob Wars: La Cosa Nostra,https://www.kongregate.com/games/kanoapps/mob-wars-la-cosa-nostra,9,1,0,yes,15,2020-07-25,2024-02-07,2024-08-06,2024-08-06
2051,Incursion 2: The Artifact,http://www.kongregate.com/games/booblycCom/incursion-2-the-artifact,14,1,0,yes,0,,,2016-06-20,2016-06-20
2051,Learn to Fly Idle,http://www.kongregate.com/games/light_bringer777/learn-to-fly-idle,14,1,0,yes,0,,,2016-11-06,2016-11-06
2051,Pets Swap,http://www.kongregate.com/games/ozdy/pets-swap,14,1,0,yes,0,,,2014-10-03,2014-10-03
2051,SpaceWars!,http://www.kongregate.com/games/Matty/spacewars,14,1,0,yes,0,,,2016-06-28,2016-06-28
2012,3D Logic,http://www.kongregate.com/games/AlexMatveev/3d-logic,5,12,12,no,1,2024-08-18,2024-08-18,2007-02-02,2007-11-05
2011,Creeper World 3: Abraxis,https://www.kongregate.com/en/games/whiteboardwar/creeper-world-3-abraxis,5,11,11,no,9,2014-08-25,2025-09-20,2026-01-03,2026-06-22
2005,Super Crazy Guitar Maniac Deluxe 2,http://www.kongregate.com/games/Shinki/super-crazy-guitar-maniac-deluxe-2,10,5,5,no,0,,,2007-11-05,2010-01-24
2003,Defender's Quest (lengthy!) Demo,https://www.kongregate.com/en/games/LevelUpLabs/defenders-quest-prelude,10,3,3,no,0,,,2026-01-03,2026-05-21
2002,Fleeing the Complex,http://www.kongregate.com/games/Puffballs_United/fleeing-the-complex,10,52,0,yes,19,2020-04-29,2023-09-23,2016-03-06,2021-10-18
2002,Pretty Pretty Bang Bang,http://www.kongregate.com/games/luvcraft/pretty-pretty-bang-bang,10,2,2,no,0,,,2007-01-20,2007-01-22
2001,Dino Run : Marathon of...,http://www.kongregate.com/games/pixeljamgames/dino-run-marathon-of-doom,5,1,1,no,1,2022-06-02,2022-06-02,2011-04-05,2011-04-05
2001,Pushy Elephant: A Dive...,http://www.kongregate.com/games/ExciteMike/pushy-elephant-a-diversion-for-a-pair-of-brave-persons-constructed-for-miniature-ludum-dare-one-score-and-five-playable-on-information-super-driveway-browsermachines,5,1,1,no,1,2021-06-11,2021-06-11,2011-03-19,2011-03-19
2001,Stick Hero Idle 2,http://www.kongregate.com/games/lobstershow/stick-hero-idle-2,5,1,1,no,1,2021-01-11,2021-01-11,2011-02-09,2011-02-09
2001,Genelia DSouza Sliding Puzzle,http://www.kongregate.com/games/sumeetraj/genelia-dsouza-sliding-puzzle,10,1,1,no,0,,,2009-10-14,2009-10-14
1984,SAS: Zombie Assault 3,http://www.kongregate.com/games/Ninjakiwi/sas-zombie-assault-3,15,34,0,yes,0,,,2014-08-29,2017-07-03
1978,Bloons Monkey City,https://www.kongregate.com/games/Ninjakiwi/bloons-monkey-city,10,28,0,yes,20,2018-02-21,2025-07-14,2019-01-08,2022-11-30
1961,The Peacekeeper,https://www.kongregate.com/en/games/BerzerkStudio/the-peacekeeper,7,11,10,partial,3,2020-11-07,2024-06-12,2026-01-03,2026-05-21
1959,Shop Heroes,http://www.kongregate.com/games/cloudcade/shop-heroes,10,9,0,yes,1,2018-02-14,2018-02-14,2015-10-29,2017-06-24
1958,Realm of the Mad God,https://www.kongregate.com/games/Wild_Shadow/realm-of-the-mad-god,15,8,0,yes,0,,,2019-02-01,2019-08-04
1957,Medieval Cop 9 -Song & Silence- (Part 1),https://www.kongregate.com/en/games/VasantJ/medieval-cop-9-song-silence-part-1,7,7,6,partial,4,2020-04-27,2024-02-22,2026-01-02,2026-06-26
1953,GrindCraft,https://www.kongregate.com/games/jetspice/grindcraft,10,3,0,yes,22,2017-11-24,2025-10-29,2019-01-08,2025-08-01
1951,AdVenture Capitalist,https://www.kongregate.com/games/HyperHippoGames/adventure-capitalist,10,1,0,yes,13,2016-03-01,2025-02-15,2019-01-08,2019-01-08
1951,RPG MO Sandbox,https://www.kongregate.com/games/MarxGames/rpg-mo-sandbox,10,1,0,yes,5,2024-01-27,2025-05-27,2024-08-06,2024-08-06
1951,Shoot & Sow,https://www.kongregate.com/games/Iurii1/shoot-sow,10,1,0,yes,34,2023-12-04,2025-09-08,2025-08-01,2025-08-01
1951,The Dark One,https://www.kongregate.com/en/games/Tenfor/the-dark-one,10,1,0,yes,1,2020-11-03,2020-11-03,2026-01-03,2026-01-03
1951,The Perfect Tower,http://www.kongregate.com/games/XmmmX99/the-perfect-tower,10,1,0,yes,62,2016-03-30,2025-05-31,2016-11-06,2016-11-06
1951,Tyrant Unleashed,https://www.kongregate.com/en/games/synapticon/tyrant-unleashed-web,10,1,0,yes,15,2021-05-13,2025-03-12,2026-01-03,2026-01-03
1951,WASD,https://www.kongregate.com/games/tonyrecchia/wasd,10,1,0,yes,1,2018-10-04,2018-10-04,2024-08-06,2024-08-06
1951,Heart of Galaxy,http://www.kongregate.com/games/Cheslava/heart-of-galaxy,15,1,0,yes,0,,,2017-04-01,2017-04-01
1951,Lionheart Tactics,http://www.kongregate.com/games/EmeraldCityGames/lionheart-tactics-web,15,1,0,yes,0,,,2015-03-01,2015-03-01
1951,Rise of Mythos,http://www.kongregate.com/games/GameFuse/rise-of-mythos,15,1,0,yes,0,,,2015-02-07,2015-02-07
1951,Rogue Fable II,http://www.kongregate.com/games/Justin_wang123/rogue-fable-ii,15,1,0,yes,0,,,2017-04-15,2017-04-15
1951,Space Invaderz Tutorial,http://www.kongregate.com/games/scotty42/space-invaderz-tutorial,15,1,0,yes,0,,,2016-06-28,2016-06-28
1951,Test 2,http://www.kongregate.com/games/Nicolo974jtm34/test-2,15,1,0,yes,0,,,2014-10-03,2014-10-03
1951,Verdun,http://www.kongregate.com/games/M2Hgames/verdun,15,1,0,yes,0,,,2016-08-17,2016-08-17
1920,Groundhog Life,https://www.kongregate.com/en/games/egosummo/groundhog-life,11,20,20,no,0,,,2026-01-05,2026-06-22
1911,Rebuild,http://www.kongregate.com/games/sarahnorthway/rebuild,6,11,11,no,6,2014-12-11,2024-11-07,2011-08-04,2011-11-01
1910,Sift Heads World act 7 - Ultimatum,https://www.kongregate.com/en/games/WebCypher/sift-heads-world-act-7-ultimatum,11,10,10,no,0,,,2026-01-03,2026-05-21
1906,Protector,http://www.kongregate.com/games/undefined/protector,6,6,6,no,5,2020-05-24,2022-01-13,2009-12-09,2010-03-02
1906,klocki,https://www.kongregate.com/en/games/targaciej/klocki,11,6,6,no,0,,,2026-01-02,2026-06-26
1904,Epic War 3,http://www.kongregate.com/games/rudy_sudarto/epic-war-3,11,4,4,no,0,,,2009-12-09,2010-01-24
1903,Protector: Reclaiming the Throne,https://www.kongregate.com/en/games/undefined/protector-reclaiming-the-throne,11,3,3,no,0,,,2026-01-03,2026-05-21
1902,Red Ball,http://www.kongregate.com/games/anton/red-ball,11,2,2,no,0,,,2007-03-15,2007-03-19
1901,Convergence,http://www.kongregate.com/games/Talon88/convergence,6,1,1,no,3,2024-01-04,2024-03-08,2011-04-12,2011-04-12
1901,House Idle v.4,http://www.kongregate.com/games/lolz666/house-idle-v-4,6,1,1,no,2,2024-01-19,2024-02-22,2011-02-09,2011-02-09
1901,Protector IV,http://www.kongregate.com/games/undefined/protector-iv,6,1,1,no,3,2020-12-03,2024-01-17,2011-02-07,2011-02-07
1901,3d Pwn Pong,http://www.kongregate.com/games/reversial/3d-pwn-pong,11,1,1,no,0,,,2009-10-14,2009-10-14
1897,Spiral Knights,http://www.kongregate.com/games/GreyHavens/spiral-knights,11,47,0,yes,1,2026-05-19,2026-05-19,2016-06-28,2017-07-03
1874,Learn to Fly 3,http://www.kongregate.com/games/light_bringer777/learn-to-fly-3,11,24,0,yes,34,2015-04-21,2024-02-22,2016-03-03,2019-07-20
1873,Fleeing the Complex,https://www.kongregate.com/games/Puffballs_United/fleeing-the-complex,11,23,0,yes,19,2020-04-29,2023-09-23,2019-01-08,2022-11-30
1862,Infectonator 2,http://www.kongregate.com/games/TogeProductions/infectonator-2,8,12,1,partial,25,2015-05-19,2023-10-17,2013-06-01,2015-10-16
1861,Frantic Frigates,https://www.kongregate.com/en/games/BerzerkStudio/frantic-frigates,8,11,10,partial,5,2020-05-30,2024-02-22,2026-01-03,2026-05-21
1856,Gravitee Wars Online,http://www.kongregate.com/games/FunkyPear/gravitee-wars-online,11,6,0,yes,19,2020-04-29,2025-11-02,2014-10-03,2014-10-24
1854,Dope Slinger Tycoon,http://www.kongregate.com/games/JamesG466/dope-slinger-tycoon,16,4,0,yes,0,,,2017-05-06,2017-05-20
1853,Time To Type,http://www.kongregate.com/games/suttree/time-to-type,8,3,2,partial,2,2024-01-20,2024-02-23,2011-08-11,2016-06-28
1851,Medieval Chronicles 6,http://www.kongregate.com/games/VasantJ/medieval-chronicles-6,11,1,0,yes,8,2019-10-17,2024-01-20,2019-09-22,2019-09-22
1851,SPLAT DEATH SALAD,https://www.kongregate.com/games/SophieHoulden/splat-death-salad,11,1,0,yes,1,2019-05-13,2019-05-13,2019-07-20,2019-07-20
1851,Decision 3,https://www.kongregate.com/games/FlyAnvil/decision-3,16,1,0,yes,0,,,2019-07-20,2019-07-20
1851,Endless Flight 2,http://www.kongregate.com/games/imp2/endless-flight-2,16,1,0,yes,0,,,2016-06-28,2016-06-28
1851,Heroes Tactics,http://www.kongregate.com/games/heroestactics/heroes-tactics,16,1,0,yes,0,,,2017-06-24,2017-06-24
1851,Test1,http://www.kongregate.com/games/Nicolo974jtm34/test1,16,1,0,yes,0,,,2014-10-03,2014-10-03
1828,Mastermind: World Conquerer,http://www.kongregate.com/games/theswain/mastermind-world-conquerer,7,28,28,no,7,2020-11-10,2024-03-08,2009-10-14,2010-01-30
1810,RPG Shooter: Starwish,https://www.kongregate.com/en/games/xdanond/rpg-shooter-starwish,12,10,10,no,0,,,2026-01-03,2026-05-21
1810,Seven Deadly Sins,http://www.kongregate.com/games/JorjEade/seven-deadly-sins,12,10,10,no,0,,,2007-01-27,2007-03-07
1807,Pinata Hunter 2,https://www.kongregate.com/en/games/myplayyard/pinata-hunter-2,12,7,7,no,0,,,2026-01-09,2026-05-14
1805,Seven Deadly Sins,http://kongregate.com/games/JorjEade/seven-deadly-sins,12,5,5,no,0,,,2007-01-25,2007-03-12
1804,Monsters' Den: Book of...,http://www.kongregate.com/games/garin/monsters-den-book-of-dread,7,4,4,no,4,2019-11-12,2024-02-22,2009-12-09,2010-01-24
1804,Super Crazy Guitar Man...,http://www.kongregate.com/games/Shinki/super-crazy-guitar-maniac-deluxe-3,12,4,4,no,0,,,2009-12-09,2010-01-24
1803,Protector IV,https://www.kongregate.com/en/games/undefined/protector-iv,7,3,3,no,3,2020-12-03,2024-01-17,2026-01-03,2026-05-21
1802,Warp Forest,http://kongregate.com/games/Arseniy/warp-forest,7,2,2,no,2,2024-01-20,2024-02-23,2007-01-25,2007-01-31
1802,Orbox,http://www.kongregate.com/games/Arseniy/orbox,12,2,2,no,0,,,2007-01-20,2007-01-22
1801,Idle Dancing,http://www.kongregate.com/games/HeroicHero/idle-dancing,7,1,1,no,3,2019-12-08,2025-10-01,2011-02-09,2011-02-09
1801,Pretty Pretty Bang Bang,http://kongregate.com/games/luvcraft/pretty-pretty-bang-bang,12,1,1,no,0,,,2007-01-25,2007-01-25
1801,The Super Duper Tutorial,http://www.kongregate.com/games/Girdf/the-super-duper-tutorial,12,1,1,no,0,,,2009-10-14,2009-10-14
1764,Swarm Simulator,https://www.kongregate.com/en/games/swarmsim/swarm-simulator,9,14,12,partial,15,2017-09-01,2024-08-19,2025-10-07,2026-06-21
1761,Insectonator: Zombie mode,https://www.kongregate.com/en/games/FlyAnvil/insectonator-zombie-mode,9,11,10,partial,4,2014-09-24,2024-01-22,2026-01-03,2026-05-21
1759,Cat God vs Sun King,https://www.kongregate.com/en/games/nerdook/cat-god-vs-sun-king,9,9,7,partial,2,2020-11-01,2020-12-18,2026-01-03,2026-05-14
1757,Hexologic,https://www.kongregate.com/en/games/mythicowl/hexologic,9,7,6,partial,10,2019-02-05,2024-12-15,2026-01-02,2026-06-26
1757,Epic Battle Fantasy 4,https://www.kongregate.com/games/kupo707/epic-battle-fantasy-4,12,7,0,yes,16,2015-09-18,2025-06-16,2019-01-08,2019-09-22
1754,Crush Crush,http://www.kongregate.com/games/SadPandaStudios/crush-crush,12,4,0,yes,22,2019-12-15,2025-06-24,2016-06-01,2017-03-11
1754,Road Of Heroes,http://www.kongregate.com/games/IriySoft/road-of-heroes,17,4,0,yes,0,,,2017-06-03,2017-06-10
1751,Creeper World 3: Abraxis,http://www.kongregate.com/games/whiteboardwar/creeper-world-3-abraxis,12,1,0,yes,9,2014-08-25,2025-09-20,2016-06-20,2016-06-20
1751,Medieval Cop - Dregg Me To Hell,http://www.kongregate.com/games/VasantJ/medieval-cop-dregg-me-to-hell,12,1,0,yes,5,2023-08-21,2024-02-22,2016-11-21,2016-11-21
1751,Reactor Incremental,http://www.kongregate.com/games/Cael/reactor-incremental,12,1,0,yes,7,2018-02-08,2025-09-27,2015-02-23,2015-02-23
1751,Back to School Fashion,http://www.kongregate.com/games/games2girls/back-to-school-fashion,17,1,0,yes,0,,,2014-10-03,2014-10-03
1751,Boxhead: 2Play Rooms,https://www.kongregate.com/games/SeanCooper/boxhead-2play-rooms,17,1,0,yes,0,,,2019-07-20,2019-07-20
1751,Chess Evolved Online,http://www.kongregate.com/games/TheGrandestine/chess-evolved-online,17,1,0,yes,0,,,2016-06-01,2016-06-01
1751,GemCraft - Chasing Shadows,http://www.kongregate.com/games/gameinabottle/gemcraft-chasing-shadows,17,1,0,yes,0,,,2016-06-20,2016-06-20
1751,Trimps Preview,http://www.kongregate.com/games/GreenSatellite/trimps-preview,17,1,0,yes,0,,,2016-11-06,2016-11-06
1724,The Company of Myself,http://www.kongregate.com/games/2DArray/the-company-of-myself,8,24,24,no,7,2014-12-18,2025-05-31,2009-12-03,2010-01-30
1708,The Last Stand 2,http://www.kongregate.com/games/ConArtists/the-last-stand-2,13,8,8,no,0,,,2009-10-14,2009-12-11
1707,Abobo's Big Adventure,https://www.kongregate.com/en/games/pestoforce/abobos-big-adventure,13,7,7,no,0,,,2026-01-09,2026-05-14
1706,Medieval Cop - The True Monster,https://www.kongregate.com/en/games/VasantJ/medieval-cop-the-true-monster,13,6,6,no,0,,,2026-01-02,2026-06-26
1703,Desktop TD Pro,https://www.kongregate.com/en/games/CasualCollective/desktop-td-pro,8,3,3,no,3,2020-10-29,2023-07-03,2026-01-03,2026-05-21
1703,Idle Monster TD,https://www.kongregate.com/en/games/tbiz5270/idle-monster-td,13,3,3,no,0,,,2026-01-03,2026-05-21
1703,UFOMania,http://kongregate.com/games/Quarob/ufomania,13,3,3,no,0,,,2007-02-19,2007-03-12
1702,Micro Siege,http://kongregate.com/games/richpixel/micro-siege,8,2,2,no,2,2024-01-17,2024-01-19,2007-01-25,2007-01-31
1702,Rapid Reaction Master,http://kongregate.com/games/tomylee/rapid-reaction-master,8,2,2,no,2,2024-01-20,2024-02-23,2007-01-31,2007-02-19
1702,Elements,http://www.kongregate.com/games/zanzarino/elements,13,2,2,no,0,,,2010-01-29,2010-01-30
1701,Muffin's Life,http://www.kongregate.com/games/Girdf/muffins-life,13,1,1,no,0,,,2009-10-14,2009-10-14
1664,GrindCraft,https://www.kongregate.com/en/games/jetspice/grindcraft,10,14,12,partial,22,2017-11-24,2025-10-29,2025-10-07,2026-06-21
1661,Sift Heads World - Act 6,https://www.kongregate.com/en/games/WebCypher/sift-heads-world-act-6,10,11,10,partial,1,2024-04-21,2024-04-21,2026-01-03,2026-05-21
1659,Wartune,http://www.kongregate.com/games/R2Games/wartune,13,9,0,yes,1,2018-11-04,2018-11-04,2014-11-10,2015-03-19
1656,Cube Escape: Theatre,http://www.kongregate.com/games/RustyLake/cube-escape-theatre,13,6,0,yes,2,2016-05-03,2019-07-02,2016-05-02,2016-05-16
1651,Balloon in a Wasteland,http://www.kongregate.com/games/ArmorGames/balloon-in-a-wasteland,13,1,0,yes,1,2022-05-18,2022-05-18,2016-08-17,2016-08-17
1651,GrindCraft,http://www.kongregate.com/games/jetspice/grindcraft,13,1,0,yes,22,2017-11-24,2025-10-29,2016-11-06,2016-11-06
1651,Power-Copter,http://www.kongregate.com/games/James_Kholamian/power-copter,13,1,0,yes,1,2024-01-20,2024-01-20,2016-06-28,2016-06-28
1607,Rapid Reaction Master,http://www.kongregate.com/games/tomylee/rapid-reaction-master,9,7,7,no,2,2024-01-20,2024-02-23,2007-01-27,2007-02-16
1607,Mighty Knight,https://www.kongregate.com/en/games/swartag/mighty-knight,14,7,7,no,0,,,2026-01-09,2026-05-14
1605,QWERTY Warriors,http://www.kongregate.com/games/Weasel/qwerty-warriors,9,5,5,no,5,2024-01-20,2024-03-06,2007-01-20,2007-02-02
1603,3D Logic,http://kongregate.com/games/AlexMatveev/3d-logic,9,3,3,no,1,2024-08-18,2024-08-18,2007-02-19,2007-03-12
1603,Demonrift TD,https://www.kongregate.com/en/games/menaragames/demonrift-td,9,3,3,no,1,2020-03-23,2020-03-23,2026-01-03,2026-05-21
1603,Long Way,https://www.kongregate.com/en/games/meetreen_games/long-way,14,3,3,no,0,,,2026-01-03,2026-05-21
1602,Hovercrafty,http://www.kongregate.com/games/grapefrukt/hovercrafty,14,2,2,no,0,,,2007-01-20,2007-01-22
1601,Indestruct2Tank,http://www.kongregate.com/games/ArmorGames/indestruct2tank,14,1,1,no,0,,,2007-11-05,2007-11-05
1601,Orbox,http://kongregate.com/games/Arseniy/orbox,14,1,1,no,0,,,2007-01-25,2007-01-25
1601,uCreator,http://www.kongregate.com/games/Girdf/ucreator,14,1,1,no,0,,,2009-10-14,2009-10-14
1563,Learn to Fly 3,https://www.kongregate.com/games/light_bringer777/learn-to-fly-3,14,13,0,yes,34,2015-04-21,2024-02-22,2019-01-08,2019-09-22
1555,Swords & Potions 2,http://www.kongregate.com/games/EdgebeeStudios/swords-and-potions-2,14,5,0,yes,2,2018-03-16,2020-01-01,2015-01-18,2015-09-01
1551,Anti-Idle: The Game,https://www.kongregate.com/games/Tukkun/anti-idle-the-game,14,1,0,yes,62,2014-12-20,2025-09-30,2019-01-08,2019-01-08
1512,Idle Dice,https://www.kongregate.com/en/games/Luts91/idle-dice,15,12,12,no,0,,,2026-01-09,2026-06-21
1510,Warmerise | Red vs Blue - Lite Version,https://www.kongregate.com/en/games/NSdesignGames/warmerise-red-vs-blue-lite-version,15,10,10,no,0,,,2026-01-03,2026-05-21
1508,Konkr.io,https://www.kongregate.com/en/games/Embair/konkr-io,10,8,8,no,26,2023-07-10,2025-09-08,2026-01-05,2026-06-22
1508,Infectonator : Christmas Edition,https://www.kongregate.com/en/games/TogeProductions/infectonator-christmas-edition,15,8,8,no,0,,,2026-01-05,2026-06-22
1507,Daymare Cat,https://www.kongregate.com/en/games/MateuszSkutnik/daymare-cat,15,7,7,no,0,,,2026-01-09,2026-05-14
1504,UFOMania,http://www.kongregate.com/games/Quarob/ufomania,15,4,4,no,0,,,2007-02-16,2007-03-07
1502,QWERTY Warriors,http://kongregate.com/games/Weasel/qwerty-warriors,10,2,2,no,5,2024-01-20,2024-03-06,2007-01-25,2007-01-31
1501,Ninja Quest,http://www.kongregate.com/games/Sigit_Haryo/ninja-quest,15,1,1,no,0,,,2009-10-14,2009-10-14
1452,Burrito Bison: Launcha Libre,http://www.kongregate.com/games/JuicyBeast/burrito-bison-launcha-libre,15,2,0,yes,60,2018-04-06,2025-10-25,2017-03-04,2017-03-11
1451,Creeper World: User Space,http://www.kongregate.com/games/whiteboardwar/creeper-world-user-space,15,1,0,yes,6,2019-01-16,2023-12-21,2016-06-20,2016-06-20
1451,Crush Crush,https://www.kongregate.com/games/SadPandaStudios/crush-crush,15,1,0,yes,22,2019-12-15,2025-06-24,2019-01-08,2019-01-08
1451,Sift Heads World Act 1,https://www.kongregate.com/games/WebCypher/sift-heads-world-act-1,15,1,0,yes,5,2019-11-18,2025-08-02,2019-07-20,2019-07-20
1412,Crush Crush,https://www.kongregate.com/en/games/SadPandaStudios/crush-crush,11,12,12,no,22,2019-12-15,2025-06-24,2026-01-09,2026-06-21
1410,Madnes Project Nexus Party mod III,https://www.kongregate.com/en/games/Asriel343/madnes-project-nexus-party-mod-iii,11,10,10,no,2,2024-05-04,2025-03-26,2026-01-03,2026-05-21
1407,Rogue Isles,https://www.kongregate.com/en/games/ConnorBohan/rogue-isles,11,7,7,no,11,2020-04-27,2021-08-23,2026-01-09,2026-05-14
1407,Inferno 2: Meltdown,https://www.kongregate.com/en/games/thepodge/inferno-2-meltdown,16,7,7,no,0,,,2026-01-09,2026-05-14
1406,Medieval Cop V - The Secrets of Lucifer's Wings,https://www.kongregate.com/en/games/VasantJ/medieval-cop-v-the-secrets-of-lucifers-wings,16,6,6,no,0,,,2026-01-02,2026-06-26
1405,McDonald's Videogame,http://www.kongregate.com/games/molleindustria/mcdonalds-videogame,11,5,5,no,1,2018-02-12,2018-02-12,2007-01-20,2007-02-10
1403,Bubble Tanks TD 1.5,https://www.kongregate.com/en/games/HeroInteractive/bubble-tanks-td-1-5,16,3,3,no,0,,,2026-01-03,2026-05-21
1401,McDonald's Videogame,http://kongregate.com/games/molleindustria/mcdonalds-videogame,11,1,1,no,1,2018-02-12,2018-02-12,2007-01-25,2007-01-25
1401,Storm the House 3,http://www.kongregate.com/games/Ivory/storm-the-house-3,16,1,1,no,0,,,2009-12-09,2009-12-09
1351,Heroes of The Banner,http://www.kongregate.com/games/R2Games/heroes-of-the-banner,16,1,0,yes,1,2023-11-19,2023-11-19,2015-05-12,2015-05-12
1351,Incursion,http://www.kongregate.com/games/booblycCom/incursion,16,1,0,yes,1,2022-06-03,2022-06-03,2016-06-20,2016-06-20
1351,Insectonator: Zombie mode,http://www.kongregate.com/games/FlyAnvil/insectonator-zombie-mode,16,1,0,yes,4,2014-09-24,2024-01-22,2016-08-17,2016-08-17
1351,Sort the Court!,http://www.kongregate.com/games/graebor/sort-the-court,16,1,0,yes,33,2018-02-04,2025-04-11,2019-07-20,2019-07-20
1351,Tap Adventure,https://www.kongregate.com/games/Avaloid/tap-adventure,16,1,0,yes,4,2015-11-20,2021-01-01,2019-01-08,2019-01-08
1351,Transport Defender,http://www.kongregate.com/games/IDNoise/transport-defender,16,1,0,yes,4,2021-02-18,2024-02-23,2016-11-06,2016-11-06
1326,The Space Game,http://www.kongregate.com/games/CasualCollective/the-space-game,12,26,26,no,7,2018-09-16,2025-03-05,2009-10-14,2010-01-27
1320,Sword Fight,https://www.kongregate.com/en/games/tovrick/sword-fight,12,20,20,no,26,2019-02-05,2025-07-25,2026-01-05,2026-06-22
1312,Anti-Idle: The Game,https://www.kongregate.com/en/games/Tukkun/anti-idle-the-game,12,12,12,no,62,2014-12-20,2025-09-30,2026-01-09,2026-06-21
1306,Evo Explores,https://www.kongregate.com/en/games/tobeglad/evo-explores,12,6,6,no,15,2019-07-02,2025-03-02,2026-01-02,2026-06-26
1306,Continuity,https://www.kongregate.com/en/games/glimajr/continuity,17,6,6,no,0,,,2026-01-02,2026-06-26
1305,Pirates of the Stupid Seas!,https://www.kongregate.com/en/games/backburner/pirates-of-the-stupid-seas,17,5,5,no,0,,,2026-01-09,2026-05-10
1303,Onslaught2,https://www.kongregate.com/en/games/gaby/onslaught2,12,3,3,no,3,2018-10-21,2024-01-19,2026-01-03,2026-05-21
1303,Defend your Honor!,https://www.kongregate.com/en/games/ArmorGames/defend-your-honor,17,3,3,no,0,,,2026-01-03,2026-05-21
1301,Onslaught2,http://www.kongregate.com/games/gaby/onslaught2,12,1,1,no,3,2018-10-21,2024-01-19,2007-11-05,2007-11-05
1251,Cosmos Quest,https://www.kongregate.com/games/GaiaByte/cosmos-quest,17,1,0,yes,9,2017-09-04,2026-04-25,2019-01-08,2019-01-08
1251,Super Monday Night Combat,http://www.kongregate.com/games/uberent/super-monday-night-combat,17,1,0,yes,1,2023-12-12,2023-12-12,2016-08-17,2016-08-17
1251,Swoop-to-Nuts,http://www.kongregate.com/games/Fusionary/swoop-to-nuts,17,1,0,yes,2,2024-01-20,2024-02-23,2016-06-28,2016-06-28
1251,Time Clickers,http://www.kongregate.com/games/ProtonStudio/time-clickers,17,1,0,yes,5,2019-02-13,2024-03-07,2015-05-06,2015-05-06
1220,Reactor Incremental,https://www.kongregate.com/en/games/Cael/reactor-incremental,13,20,20,no,7,2018-02-08,2025-09-27,2026-01-05,2026-06-22
1212,Voxel Clicker,https://www.kongregate.com/en/games/QuantumfrogDev/voxel-clicker,18,12,12,no,0,,,2026-01-09,2026-06-21
1210,Sift Heads World Act 2 - The Treacherous Return,https://www.kongregate.com/en/games/WebCypher/sift-heads-world-act-2-the-treacherous-return,13,10,10,no,1,2021-09-09,2021-09-09,2026-01-03,2026-05-21
1210,siftheads 5,https://www.kongregate.com/en/games/WebCypher/siftheads-5,18,10,10,no,0,,,2026-01-03,2026-05-21
1208,Necronator,https://www.kongregate.com/en/games/TogeProductions/necronator,18,8,8,no,0,,,2026-01-05,2026-06-22
1207,Tasty Planet: DinoTime,https://www.kongregate.com/en/games/dingogames/tasty-planet-dinotime,18,7,7,no,0,,,2026-01-09,2026-05-14
1203,Bubble Tanks Tower Defense,https://www.kongregate.com/en/games/HeroInteractive/bubble-tanks-tower-defense,18,3,3,no,0,,,2026-01-03,2026-05-21
1202,Prehistoric.,http://www.kongregate.com/games/TrueDarkness/prehistoric,13,2,2,no,1,2022-05-15,2022-05-15,2007-01-20,2007-01-22
1202,rotaZion,http://www.kongregate.com/games/pixtiz/rotazion,13,2,2,no,4,2020-07-17,2024-01-20,2007-01-20,2007-01-27
1201,Bloons Tower Defense 2,http://www.kongregate.com/games/Ninjakiwi/bloons-tower-defense-2,13,1,1,no,5,2015-04-26,2021-11-22,2007-11-05,2007-11-05
1156,Cube Escape: Theatre,https://www.kongregate.com/en/games/RustyLake/cube-escape-theatre,15,6,5,partial,2,2016-05-03,2019-07-02,2026-01-02,2026-06-26
1112,Theory of Magic,https://www.kongregate.com/en/games/lerpinglemur/theory-of-magic,19,12,12,no,0,,,2026-01-09,2026-06-21
1110,Death vs. Monstars,https://www.kongregate.com/en/games/GameReclaim/death-vs-monstars,19,10,10,no,0,,,2026-01-03,2026-05-21
1108,Monster Clearer,https://www.kongregate.com/en/games/adventale/monster-clearer,14,8,8,no,20,2021-10-05,2025-02-05,2026-01-05,2026-06-22
1108,HP Atk Def,https://www.kongregate.com/en/games/Rob1221/hp-atk-def,19,8,8,no,0,,,2026-01-05,2026-06-22
1107,Robot Wants Kitty,https://www.kongregate.com/en/games/Hamumu/robot-wants-kitty,19,7,7,no,0,,,2026-01-09,2026-05-14
1106,Factory Balls forever,https://www.kongregate.com/en/games/bontegames/factory-balls-forever,14,6,6,no,26,2020-01-08,2025-09-18,2026-01-02,2026-06-26
1106,Falling Sands,https://www.kongregate.com/en/games/ajs11893/falling-sands,19,6,6,no,0,,,2026-01-02,2026-06-26
1004,Desktop TD Pro,http://www.kongregate.com/games/CasualCollective/desktop-td-pro,15,4,4,no,3,2020-10-29,2023-07-03,2009-10-14,2009-10-25
1003,Protector,https://www.kongregate.com/en/games/undefined/protector,15,3,3,no,5,2020-05-24,2022-01-13,2026-01-03,2026-05-21
1003,Co-op Toon Shooter: Rise of the fleet,https://www.kongregate.com/en/games/saltyegg/co-op-toon-shooter-rise-of-the-fleet,20,3,3,no,0,,,2026-01-03,2026-01-11
1003,Hands of War Tower Defense,https://www.kongregate.com/en/games/Djugan/hands-of-war-tower-defense,20,3,3,no,0,,,2026-01-03,2026-05-21
1002,Mud and Blood 2,http://www.kongregate.com/games/urbz/mud-and-blood-2,15,2,2,no,4,2014-10-09,2025-04-26,2009-12-09,2009-12-15
1002,rotaZion,http://kongregate.com/games/pixtiz/rotazion,15,2,2,no,4,2020-07-17,2024-01-20,2007-01-25,2007-01-31
1002,Reeelz,https://www.kongregate.com/en/games/gameinabottle/reeelz,20,2,2,no,0,,,2026-01-09,2026-01-10
918,Decision,https://www.kongregate.com/en/games/FlyAnvil/decision,16,18,18,no,1,2022-06-03,2022-06-03,2026-01-03,2026-06-22
812,Cosmos Quest: The Origin,https://www.kongregate.com/en/games/GaiaByte/cosmos-quest,17,12,12,no,9,2017-09-04,2026-04-25,2026-01-09,2026-06-21
810,GunBlood,https://www.kongregate.com/en/games/Wolfcom/gunblood,17,10,10,no,7,2019-10-17,2023-11-25,2026-01-03,2026-05-21
808,Cividlization 2,https://www.kongregate.com/en/games/to_change_later/cividlization-2,17,8,8,no,9,2020-01-20,2022-09-12,2026-01-05,2026-06-22
706,Cat in Japan,https://www.kongregate.com/en/games/bontegames/cat-in-japan,18,6,6,no,6,2021-01-01,2025-08-30,2026-01-02,2026-06-26
603,Idle Tower Defense,https://www.kongregate.com/en/games/tbiz5270/idle-tower-defense,19,3,3,no,2,2023-04-17,2023-12-21,2026-01-03,2026-05-21
512,Pixels Filling Squares 3.0,https://www.kongregate.com/en/games/Moczan/pixels-filling-squares-3-0,20,12,12,no,15,2019-02-05,2025-08-01,2026-01-09,2026-06-21
504,Knight-errant,https://www.kongregate.com/en/games/FractalSunrise/knight-errant,20,4,4,no,17,2020-04-17,2023-12-28,2026-05-03,2026-06-26
502,Rhomb,https://www.kongregate.com/en/games/KekGames/rhomb,20,2,2,no,13,2019-07-02,2025-06-16,2026-01-02,2026-01-08
