status,followup_tier,game_name,game_url,canonical_game_key,best_rank,first_seen_date,endpoint_observations,candidates_with_cdx_rows,failed_observations,unresolved_failed_endpoints,parsed_probe_count_rows,recovered_count_rows,source_types_seen,latest_probe_run_timestamp
no_archived_endpoint_rows_observed,1,Last Warrior,http://www.kongregate.com/games/sstudioss/last-warrior,www.kongregate.com/games/sstudioss/last-warrior,1,2014-09-02,12,0,0,0,0,0,chat_achievements;chat_js;holodeck;metrics_json;recommended_games,2026-07-01T11:51:02Z
no_archived_endpoint_rows_observed,1,SpaceWarrior,http://www.kongregate.com/games/listenme02/spacewarrior,www.kongregate.com/games/listenme02/spacewarrior,1,2014-09-12,12,0,0,0,0,0,chat_achievements;chat_js;holodeck;metrics_json;recommended_games,2026-07-01T11:51:02Z
no_archived_endpoint_rows_observed,1,The Funniest Game Ever,http://www.kongregate.com/games/Creeptasticman/the-funniest-game-ever,www.kongregate.com/games/creeptasticman/the-funniest-game-ever,1,2014-10-24,12,0,0,0,0,0,chat_achievements;chat_js;holodeck;metrics_json;recommended_games,2026-07-01T11:51:02Z
no_archived_endpoint_rows_observed,1,The Saga Of The Wind Mobiles,http://www.kongregate.com/games/GhostTheFi/the-saga-of-the-wind-mobiles,www.kongregate.com/games/ghostthefi/the-saga-of-the-wind-mobiles,1,2016-06-29,12,0,0,0,0,0,chat_achievements;chat_js;holodeck;metrics_json;recommended_games,2026-07-01T11:51:02Z
no_archived_endpoint_rows_observed,1,as3q32@gmail.com,http://www.kongregate.com/games/W3STS1DE/as3q32-gmail-com,www.kongregate.com/games/w3sts1de/as3q32-gmail-com,1,2016-07-07,20,0,1,0,0,0,chat_achievements;chat_js;holodeck;metrics_json;recommended_games,2026-07-01T12:00:59Z
archived_endpoint_hit_no_count,1,Make Me 10,http://www.kongregate.com/games/LinhVo1611/make-me-10,www.kongregate.com/games/linhvo1611/make-me-10,1,2017-05-16,12,12,0,0,0,0,game_path_prefix,2026-07-01T11:56:46Z
archived_endpoint_hit_no_count,1,Key to Success,http://www.kongregate.com/games/SamuelVenable/key-to-success,www.kongregate.com/games/samuelvenable/key-to-success,1,2017-05-25,2,2,0,0,0,0,game_path_prefix,2026-07-01T11:56:46Z
archived_endpoint_hit_no_count,1,Missiles Again,http://www.kongregate.com/games/mafagames/missiles-again,www.kongregate.com/games/mafagames/missiles-again,1,2017-05-26,2,2,0,0,0,0,game_path_prefix,2026-07-01T11:56:46Z
archived_endpoint_hit_no_count,1,The Space Commando,http://www.kongregate.com/games/Eternal_Vanguard/the-space-commando,www.kongregate.com/games/eternal_vanguard/the-space-commando,1,2017-08-17,2,2,0,0,0,0,game_path_prefix,2026-07-01T11:56:46Z
archived_endpoint_hit_no_count,1,Run Bird Run Online,http://www.kongregate.com/games/mafagames/run-bird-run-online,www.kongregate.com/games/mafagames/run-bird-run-online,1,2017-08-25,2,2,0,0,0,0,game_path_prefix,2026-07-01T11:56:46Z
no_archived_endpoint_rows_observed,1,Zombie Derby 2,http://www.kongregate.com/games/brvasil/zombie-derby-2,www.kongregate.com/games/brvasil/zombie-derby-2,1,2017-09-13,22,0,8,0,0,0,chat_achievements;chat_js;holodeck;metrics_json;recommended_games,2026-07-01T12:00:59Z
no_archived_endpoint_rows_observed,1,Football Legends 2016,http://www.kongregate.com/games/CoralCnora/football-legends-2016,www.kongregate.com/games/coralcnora/football-legends-2016,1,2017-09-30,20,0,7,0,0,0,chat_achievements;chat_js;holodeck;metrics_json;recommended_games,2026-07-01T12:10:08Z
archived_endpoint_hit_no_count,1,LT-Breakout,http://www.kongregate.com/games/SandmanZA/lt-breakout,www.kongregate.com/games/sandmanza/lt-breakout,1,2017-10-24,6,6,0,0,0,0,game_path_prefix,2026-07-01T11:56:46Z
no_archived_endpoint_rows_observed,1,Surrounded,https://www.kongregate.com/games/JasonNumberXIII/surrounded,www.kongregate.com/games/jasonnumberxiii/surrounded,1,2021-11-12,16,0,1,0,0,0,chat_achievements;chat_js;holodeck;metrics_json;recommended_games,2026-07-01T12:05:36Z
no_archived_endpoint_rows_observed,1,Talking Ginger Paw Caring,http://www.kongregate.com/games/wowsomegames/talking-ginger-paw-caring,www.kongregate.com/games/wowsomegames/talking-ginger-paw-caring,2,2014-08-29,30,0,10,0,0,0,chat_achievements;chat_js;holodeck;metrics_json;recommended_games,2026-07-01T12:10:08Z
no_archived_endpoint_rows_observed,1,StormFall,http://www.kongregate.com/games/playman2/stormfall,www.kongregate.com/games/playman2/stormfall,2,2014-09-05,22,0,7,0,0,0,chat_achievements;chat_js;holodeck;metrics_json;recommended_games,2026-07-01T12:21:36Z
no_archived_endpoint_rows_observed,1,Baby Talking Tom Bathing,http://www.kongregate.com/games/wowsomegames/baby-talking-tom-bathing,www.kongregate.com/games/wowsomegames/baby-talking-tom-bathing,2,2014-09-12,27,0,9,0,0,0,chat_achievements;chat_js;holodeck;metrics_json;recommended_games,2026-07-01T12:21:36Z
no_archived_endpoint_rows_observed,1,Kns run,http://www.kongregate.com/games/hikkigamer/kns-run,www.kongregate.com/games/hikkigamer/kns-run,2,2014-09-20,18,0,6,0,0,0,chat_achievements;chat_js;holodeck;metrics_json;recommended_games,2026-07-01T12:05:36Z
no_archived_endpoint_rows_observed,1,cuube,http://www.kongregate.com/games/dmarcy/cuube,www.kongregate.com/games/dmarcy/cuube,2,2014-09-26,25,0,11,0,0,0,chat_achievements;chat_js;holodeck;metrics_json;recommended_games,2026-07-01T12:11:37Z
no_archived_endpoint_rows_observed,1,Caralhinhos Voadores - Age Of Delicia,http://www.kongregate.com/games/maxwell06/caralhinhos-voadores-age-of-delicia,www.kongregate.com/games/maxwell06/caralhinhos-voadores-age-of-delicia,2,2014-10-03,33,0,12,0,0,0,chat_achievements;chat_js;holodeck;metrics_json;recommended_games,2026-07-01T12:34:33Z
no_archived_endpoint_rows_observed,1,path of the wingman,http://www.kongregate.com/games/fckn/path-of-the-wingman,www.kongregate.com/games/fckn/path-of-the-wingman,2,2014-10-24,24,0,12,0,0,0,chat_achievements;chat_js;holodeck;metrics_json;recommended_games,2026-07-01T12:22:02Z
archived_endpoint_hit_no_count,1,Nowere Safe 3,http://www.kongregate.com/games/LexZ1/nowere-safe-3,www.kongregate.com/games/lexz1/nowere-safe-3,2,2014-10-29,25,2,8,0,0,0,chat_achievements;chat_js;holodeck;metrics_json;recommended_games,2026-07-01T12:34:13Z
no_archived_endpoint_rows_observed,1,Elsa And Anna Chinese Dress Up,http://www.kongregate.com/games/game4joy/elsa-and-anna-chinese-dress-up,www.kongregate.com/games/game4joy/elsa-and-anna-chinese-dress-up,2,2015-04-01,24,0,10,0,0,0,chat_achievements;chat_js;holodeck;metrics_json;recommended_games,2026-07-01T12:15:27Z
no_archived_endpoint_rows_observed,1,Animator Vs Animation (BETA),http://www.kongregate.com/games/MyLittle1/animator-vs-animation-beta,www.kongregate.com/games/mylittle1/animator-vs-animation-beta,2,2015-09-09,33,0,12,0,0,0,chat_achievements;chat_js;holodeck;metrics_json;recommended_games,2026-07-01T12:36:39Z
no_archived_endpoint_rows_observed,1,changetype(),http://www.kongregate.com/games/inventor_123/changetype,www.kongregate.com/games/inventor_123/changetype,2,2015-09-30,24,0,7,0,0,0,chat_achievements;chat_js;holodeck;metrics_json;recommended_games,2026-07-01T12:32:27Z
no_archived_endpoint_rows_observed,1,CountryBalls 4,http://www.kongregate.com/games/NicoleWatterson/countryballs-4,www.kongregate.com/games/nicolewatterson/countryballs-4,2,2016-03-05,24,0,12,0,0,0,chat_achievements;chat_js;holodeck;metrics_json;recommended_games,2026-07-01T12:30:12Z
no_archived_endpoint_rows_observed,1,Mini Jumper,http://www.kongregate.com/games/mafagames/mini-jumper,www.kongregate.com/games/mafagames/mini-jumper,2,2016-03-16,30,0,12,0,0,0,chat_achievements;chat_js;holodeck;metrics_json;recommended_games,2026-07-01T12:35:38Z
no_archived_endpoint_rows_observed,1,dat boi,http://www.kongregate.com/games/Regone/dat-boi,www.kongregate.com/games/regone/dat-boi,2,2016-05-15,34,0,12,0,0,0,chat_achievements;chat_js;holodeck;metrics_json;recommended_games,2026-07-01T12:37:01Z
no_archived_endpoint_rows_observed,1,Aston Martin Hidden Wheels,http://www.kongregate.com/games/natalibt/aston-martin-hidden-wheels,www.kongregate.com/games/natalibt/aston-martin-hidden-wheels,2,2016-05-24,12,0,0,0,0,0,chat_achievements;chat_js;holodeck;metrics_json;recommended_games,2026-07-01T12:47:36Z
no_archived_endpoint_rows_observed,1,jhghj,http://www.kongregate.com/games/Ladybugluver/jhghj,www.kongregate.com/games/ladybugluver/jhghj,2,2016-07-07,12,0,0,0,0,0,chat_achievements;chat_js;holodeck;metrics_json;recommended_games,2026-07-01T12:47:36Z
no_archived_endpoint_rows_observed,1,Dead Frontier,http://www.kongregate.com/games/PanRobercik/dead-frontier,www.kongregate.com/games/panrobercik/dead-frontier,2,2016-08-05,16,0,3,0,0,0,chat_achievements;chat_js;holodeck;metrics_json;recommended_games,2026-07-01T12:48:53Z
no_archived_endpoint_rows_observed,1,Ballamos,http://www.kongregate.com/games/SherOnDale13/ballamos,www.kongregate.com/games/sherondale13/ballamos,2,2016-09-23,23,0,6,0,0,0,chat_achievements;chat_js;holodeck;metrics_json;recommended_games,2026-07-01T12:49:13Z
archived_endpoint_hit_no_count,1,Chevrolet Cruze Puzzle,http://www.kongregate.com/games/natalibt/chevrolet-cruze-puzzle,www.kongregate.com/games/natalibt/chevrolet-cruze-puzzle,2,2016-10-10,28,8,3,0,0,0,chat_achievements;chat_js;holodeck;metrics_json;recommended_games,2026-07-01T12:59:48Z
no_archived_endpoint_rows_observed,1,Sky Knight,http://www.kongregate.com/games/mafagames/sky-knight,www.kongregate.com/games/mafagames/sky-knight,2,2017-05-16,27,0,12,0,0,0,chat_achievements;chat_js;holodeck;metrics_json;recommended_games,2026-07-01T13:00:52Z
no_archived_endpoint_rows_observed,1,Horse Racing,http://www.kongregate.com/games/mafagames/horse-racing,www.kongregate.com/games/mafagames/horse-racing,2,2017-05-26,24,0,7,0,0,0,chat_achievements;chat_js;holodeck;metrics_json;recommended_games,2026-07-01T13:01:22Z
no_archived_endpoint_rows_observed,1,Finger Spinner Online,http://www.kongregate.com/games/mafagames/finger-spinner-online,www.kongregate.com/games/mafagames/finger-spinner-online,2,2017-06-16,24,0,9,0,0,0,chat_achievements;chat_js;holodeck;metrics_json;recommended_games,2026-07-01T13:01:49Z
no_archived_endpoint_rows_observed,1,Britney Spears vs Child Servisous,http://www.kongregate.com/games/thunderstorm38/britney-spears-vs-child-servisous,www.kongregate.com/games/thunderstorm38/britney-spears-vs-child-servisous,2,2017-07-20,31,0,12,0,0,0,chat_achievements;chat_js;holodeck;metrics_json;recommended_games,2026-07-01T13:04:00Z
no_archived_endpoint_rows_observed,1,Cherrie New Spring Trends,http://www.kongregate.com/games/mafagames/cherrie-new-spring-trends,www.kongregate.com/games/mafagames/cherrie-new-spring-trends,2,2017-08-25,24,0,2,0,0,0,chat_achievements;chat_js;holodeck;metrics_json;recommended_games,2026-07-01T13:12:06Z
no_archived_endpoint_rows_observed,1,Raze 3,http://www.kongregate.com/games/CoralCnora/raze-3,www.kongregate.com/games/coralcnora/raze-3,2,2017-09-30,34,0,12,0,0,0,chat_achievements;chat_js;holodeck;metrics_json;recommended_games,2026-07-01T13:13:45Z
no_archived_endpoint_rows_observed,1,AstroLords,http://www.kongregate.com/games/rub_en02/astrolords,www.kongregate.com/games/rub_en02/astrolords,3,2014-09-05,34,0,11,0,0,0,chat_achievements;chat_js;holodeck;metrics_json;recommended_games,2026-07-01T13:15:36Z
no_archived_endpoint_rows_observed,1,Register Simulator,http://www.kongregate.com/games/cheffplayer2/register-simulator,www.kongregate.com/games/cheffplayer2/register-simulator,3,2014-09-20,24,0,4,0,0,0,chat_achievements;chat_js;holodeck;metrics_json;recommended_games,2026-07-01T13:16:10Z
no_archived_endpoint_rows_observed,1,A Kongergate Special,http://www.kongregate.com/games/NickJ66/a-kongergate-special,www.kongregate.com/games/nickj66/a-kongergate-special,3,2014-10-03,35,0,12,0,0,0,chat_achievements;chat_js;holodeck;metrics_json;recommended_games,2026-07-01T13:18:24Z
no_archived_endpoint_rows_observed,1,Pokemon Kill 4,http://www.kongregate.com/games/NigelBoydMartin/pokemon-kill-4,www.kongregate.com/games/nigelboydmartin/pokemon-kill-4,3,2014-10-09,24,0,2,0,0,0,chat_achievements;chat_js;holodeck;metrics_json;recommended_games,2026-07-01T13:26:50Z
no_archived_endpoint_rows_observed,1,Session Key Viewer,http://www.kongregate.com/games/disposableernst/session-key-viewer,www.kongregate.com/games/disposableernst/session-key-viewer,3,2015-09-15,35,0,12,0,0,0,chat_achievements;chat_js;holodeck;metrics_json;recommended_games,2026-07-01T13:28:44Z
no_archived_endpoint_rows_observed,1,Vape Naysh Vs The Memes Beta1,http://www.kongregate.com/games/Life_Glug/vape-naysh-vs-the-memes-beta1,www.kongregate.com/games/life_glug/vape-naysh-vs-the-memes-beta1,3,2016-06-05,35,0,12,0,0,0,chat_achievements;chat_js;holodeck;metrics_json;recommended_games,2026-07-01T13:30:44Z
no_archived_endpoint_rows_observed,1,ATV Ride 2016,http://www.kongregate.com/games/rheyank/atv-ride-2016,www.kongregate.com/games/rheyank/atv-ride-2016,3,2016-08-20,24,0,3,0,0,0,chat_achievements;chat_js;holodeck;metrics_json;recommended_games,2026-07-01T13:31:14Z
archived_endpoint_hit_no_count,1,SUV Car Cartoon Puzzle,http://www.kongregate.com/games/natalibt/suv-car-cartoon-puzzle,www.kongregate.com/games/natalibt/suv-car-cartoon-puzzle,3,2016-10-10,39,8,12,0,0,0,chat_achievements;chat_js;holodeck;metrics_json;recommended_games,2026-07-01T13:33:09Z
no_archived_endpoint_rows_observed,1,Boat Rush,http://www.kongregate.com/games/mafagames/boat-rush,www.kongregate.com/games/mafagames/boat-rush,3,2017-05-16,24,0,3,0,0,0,chat_achievements;chat_js;holodeck;metrics_json;recommended_games,2026-07-01T13:45:09Z
archived_endpoint_hit_no_count,1,Defense Math,http://www.kongregate.com/games/mafagames/defense-math,www.kongregate.com/games/mafagames/defense-math,3,2017-06-16,35,4,12,0,0,0,chat_achievements;chat_js;holodeck;metrics_json;recommended_games,2026-07-01T13:47:01Z
no_archived_endpoint_rows_observed,1,as3 Shootorial #1,http://www.kongregate.com/games/Max_Raze/as3-shootorial-1,www.kongregate.com/games/max_raze/as3-shootorial-1,3,2017-08-25,24,0,4,0,0,0,chat_achievements;chat_js;holodeck;metrics_json;recommended_games,2026-07-01T13:47:22Z
no_archived_endpoint_rows_observed,1,Dot Snap Battle,http://www.kongregate.com/games/odiusfly/dot-snap-battle,www.kongregate.com/games/odiusfly/dot-snap-battle,3,2017-09-20,35,0,12,0,0,0,chat_achievements;chat_js;holodeck;metrics_json;recommended_games,2026-07-01T13:49:16Z
no_archived_endpoint_rows_observed,1,CBS:Escape from the Mall,http://www.kongregate.com/games/cFreak19/cbs-escape-from-the-mall,www.kongregate.com/games/cfreak19/cbs-escape-from-the-mall,3,2021-11-12,24,0,11,0,0,0,chat_achievements;chat_js;holodeck;metrics_json;recommended_games,2026-07-01T13:50:46Z
no_archived_endpoint_rows_observed,1,Rise of Mythos,http://www.kongregate.com/games/evrybody_02/rise-of-mythos,www.kongregate.com/games/evrybody_02/rise-of-mythos,4,2014-09-19,24,0,2,0,0,0,chat_achievements;chat_js;holodeck;metrics_json;recommended_games,2026-07-01T14:01:08Z
no_archived_endpoint_rows_observed,1,Simple Platformer,http://www.kongregate.com/games/C00MZY/simple-platformer,www.kongregate.com/games/c00mzy/simple-platformer,4,2014-11-11,35,0,12,0,0,0,chat_achievements;chat_js;holodeck;metrics_json;recommended_games,2026-07-01T14:02:53Z
no_archived_endpoint_rows_observed,1,Doom II: Hell on Earth,http://www.kongregate.com/games/predbannik/doom-ii-hell-on-earth,www.kongregate.com/games/predbannik/doom-ii-hell-on-earth,4,2015-09-09,24,0,10,0,0,0,chat_achievements;chat_js;holodeck;metrics_json;recommended_games,2026-07-01T14:03:57Z
no_archived_endpoint_rows_observed,1,DoodiaMan Find Wife,http://www.kongregate.com/games/feicaigames/doodiaman-find-wife,www.kongregate.com/games/feicaigames/doodiaman-find-wife,4,2016-01-02,24,0,6,0,0,0,chat_achievements;chat_js;holodeck;metrics_json;recommended_games,2026-07-01T14:04:38Z
no_archived_endpoint_rows_observed,1,1p.Story: Death,http://www.kongregate.com/games/isketchworks/1p-story-death,www.kongregate.com/games/isketchworks/1p-story-death,4,2016-03-16,24,0,12,0,0,0,chat_achievements;chat_js;holodeck;metrics_json;recommended_games,2026-07-01T14:06:09Z
no_archived_endpoint_rows_observed,1,BMW M5 E34,http://www.kongregate.com/games/natalibt/bmw-m5-e34,www.kongregate.com/games/natalibt/bmw-m5-e34,4,2016-05-06,24,0,2,0,0,0,chat_achievements;chat_js;holodeck;metrics_json;recommended_games,2026-07-01T14:40:00Z
no_archived_endpoint_rows_observed,1,Super Mario Worlds Ep.1: The Dark World (SMB Fan-made Game),http://www.kongregate.com/games/yvolcano4/super-mario-worlds-ep-1-the-dark-world-smb-fan-made-game,www.kongregate.com/games/yvolcano4/super-mario-worlds-ep-1-the-dark-world-smb-fan-made-game,4,2016-09-23,31,0,12,0,0,0,chat_achievements;chat_js;holodeck;metrics_json;recommended_games,2026-07-01T14:42:29Z
no_archived_endpoint_rows_observed,1,Mr.Miner,http://www.kongregate.com/games/LinhVo1611/mr-miner,www.kongregate.com/games/linhvo1611/mr-miner,4,2017-05-16,32,0,10,0,0,0,chat_achievements;chat_js;holodeck;metrics_json;recommended_games,2026-07-01T14:42:29Z
no_archived_endpoint_rows_observed,1,Balls Vs Blocks Online,http://www.kongregate.com/games/mafagames/balls-vs-blocks-online,www.kongregate.com/games/mafagames/balls-vs-blocks-online,4,2017-06-16,28,0,6,0,0,0,chat_achievements;chat_js;holodeck;metrics_json;recommended_games,2026-07-01T14:44:13Z
no_archived_endpoint_rows_observed,1,Kung Fu Adventure,http://www.kongregate.com/games/thunderstorm38/kung-fu-adventure,www.kongregate.com/games/thunderstorm38/kung-fu-adventure,4,2017-07-28,31,0,12,0,0,0,chat_achievements;chat_js;holodeck;metrics_json;recommended_games,2026-07-01T14:42:29Z
no_archived_endpoint_rows_observed,1,E-Sim,http://www.kongregate.com/games/evrybody_02/e-sim,www.kongregate.com/games/evrybody_02/e-sim,5,2014-09-19,26,0,3,0,0,0,chat_achievements;chat_js;holodeck;metrics_json;recommended_games,2026-07-01T14:42:29Z
no_archived_endpoint_rows_observed,1,My Line Of Sight attempt from Construct 2,http://www.kongregate.com/games/LeBanging/my-line-of-sight-attempt-from-construct-2,www.kongregate.com/games/lebanging/my-line-of-sight-attempt-from-construct-2,5,2014-09-26,31,0,12,0,0,0,chat_achievements;chat_js;holodeck;metrics_json;recommended_games,2026-07-01T14:44:13Z
no_archived_endpoint_rows_observed,1,Burnt Plate,http://www.kongregate.com/games/Courador/burnt-plate,www.kongregate.com/games/courador/burnt-plate,5,2014-10-04,33,0,10,0,0,0,chat_achievements;chat_js;holodeck;metrics_json;recommended_games,2026-07-01T14:45:17Z
no_archived_endpoint_rows_observed,1,I'ts a lamp?,http://www.kongregate.com/games/EdoByte/its-a-lamp,www.kongregate.com/games/edobyte/its-a-lamp,5,2014-10-29,25,0,6,0,0,0,chat_achievements;chat_js;holodeck;metrics_json;recommended_games,2026-07-01T14:45:17Z
no_archived_endpoint_rows_observed,1,Una Chief: The Great Adventure,http://www.kongregate.com/games/UCEG/una-chief-the-great-adventure,www.kongregate.com/games/uceg/una-chief-the-great-adventure,5,2014-12-17,32,0,12,0,0,0,chat_achievements;chat_js;holodeck;metrics_json;recommended_games,2026-07-01T14:45:17Z
no_archived_endpoint_rows_observed,1,Spacebar v0.1,http://www.kongregate.com/games/SidBiafra/spacebar-v0-1,www.kongregate.com/games/sidbiafra/spacebar-v0-1,5,2015-12-05,24,0,3,0,0,0,chat_achievements;chat_js;holodeck;metrics_json;recommended_games,2026-07-01T15:14:55Z
no_archived_endpoint_rows_observed,1,Whitewash,http://www.kongregate.com/games/GraveDangerGames/whitewash,www.kongregate.com/games/gravedangergames/whitewash,5,2016-02-02,30,0,12,0,0,0,chat_achievements;chat_js;holodeck;metrics_json;recommended_games,2026-07-01T15:24:54Z
no_archived_endpoint_rows_observed,1,idk,http://www.kongregate.com/games/dakota1324/idk,www.kongregate.com/games/dakota1324/idk,5,2016-02-17,24,0,8,0,0,0,chat_achievements;chat_js;holodeck;metrics_json;recommended_games,2026-07-01T15:14:55Z
no_archived_endpoint_rows_observed,1,Super Casual,http://www.kongregate.com/games/canvasgames/super-casual,www.kongregate.com/games/canvasgames/super-casual,5,2016-03-16,29,0,8,0,0,0,chat_achievements;chat_js;holodeck;metrics_json;recommended_games,2026-07-01T15:24:54Z
no_archived_endpoint_rows_observed,1,Ghoul be Gone Demo,http://www.kongregate.com/games/PhoenixSong75/ghoul-be-gone-demo,www.kongregate.com/games/phoenixsong75/ghoul-be-gone-demo,5,2016-03-20,34,0,12,0,0,0,chat_achievements;chat_js;holodeck;metrics_json;recommended_games,2026-07-01T15:25:51Z
no_archived_endpoint_rows_observed,1,UFC 198 Live Stream - Werdum vs Miocic,http://www.kongregate.com/games/ketroketro/test-ufc-198-live-stream-werdum-vs-miocic,www.kongregate.com/games/ketroketro/test-ufc-198-live-stream-werdum-vs-miocic,5,2016-05-15,26,0,3,0,0,0,chat_achievements;chat_js;holodeck;metrics_json;recommended_games,2026-07-01T15:25:51Z
no_archived_endpoint_rows_observed,1,quangjing,http://www.kongregate.com/games/1207732597/quangjing,www.kongregate.com/games/1207732597/quangjing,5,2016-06-22,33,0,12,0,0,0,chat_achievements;chat_js;holodeck;metrics_json;recommended_games,2026-07-01T15:24:54Z
no_archived_endpoint_rows_observed,1,Create your face with this stupid game,http://www.kongregate.com/games/danwon67/create-your-face-with-this-stupid-game,www.kongregate.com/games/danwon67/create-your-face-with-this-stupid-game,5,2016-07-27,31,0,9,0,0,0,chat_achievements;chat_js;holodeck;metrics_json;recommended_games,2026-07-01T15:25:51Z
no_archived_endpoint_rows_observed,1,Hired Ops — New Dynamic Online Shooter,http://www.kongregate.com/games/MunimShaikh932/hired-ops-new-dynamic-online-shooter,www.kongregate.com/games/munimshaikh932/hired-ops-new-dynamic-online-shooter,5,2016-10-30,31,0,8,0,0,0,chat_achievements;chat_js;holodeck;metrics_json;recommended_games,2026-07-01T15:25:51Z
no_archived_endpoint_rows_observed,1,Viking Workout,http://www.kongregate.com/games/mobilTR/viking-workout,www.kongregate.com/games/mobiltr/viking-workout,5,2017-11-06,34,0,12,0,0,0,chat_achievements;chat_js;holodeck;metrics_json;recommended_games,2026-07-01T15:25:51Z
no_archived_endpoint_rows_observed,1,AstroWorlds,http://www.kongregate.com/games/bystudio02/astroworlds,www.kongregate.com/games/bystudio02/astroworlds,6,2014-08-29,24,0,4,0,0,0,chat_achievements;chat_js;holodeck;metrics_json;recommended_games,2026-07-01T15:44:50Z
no_archived_endpoint_rows_observed,1,RPgTest,http://www.kongregate.com/games/Nicolo974jtm34/rpgtest,www.kongregate.com/games/nicolo974jtm34/rpgtest,6,2014-10-03,12,0,0,0,0,0,chat_achievements;chat_js;holodeck;metrics_json;recommended_games,2026-07-01T15:37:15Z
no_archived_endpoint_rows_observed,1,Peppa Zoo Decor,http://www.kongregate.com/games/lemonindieg/peppa-zoo-decor,www.kongregate.com/games/lemonindieg/peppa-zoo-decor,6,2014-10-13,32,0,12,0,0,0,chat_achievements;chat_js;holodeck;metrics_json;recommended_games,2026-07-01T15:47:08Z
no_archived_endpoint_rows_observed,1,Mining Truck,http://www.kongregate.com/games/xiatiandaole/mining-truck,www.kongregate.com/games/xiatiandaole/mining-truck,6,2014-10-17,12,0,0,0,0,0,chat_achievements;chat_js;holodeck;metrics_json;recommended_games,2026-07-01T15:37:15Z
no_archived_endpoint_rows_observed,1,Teste mark 2,http://www.kongregate.com/games/MateusF29/teste-mark-2,www.kongregate.com/games/mateusf29/teste-mark-2,6,2015-09-30,27,0,4,0,0,0,chat_achievements;chat_js;holodeck;metrics_json;recommended_games,2026-07-01T15:47:08Z
archived_endpoint_hit_no_count,1,Bubble Shooter Rotation Xmas,http://www.kongregate.com/games/omkara/bubble-shooter-rotation-xmas,www.kongregate.com/games/omkara/bubble-shooter-rotation-xmas,6,2015-12-18,32,3,10,0,0,0,chat_achievements;chat_js;holodeck;metrics_json;recommended_games,2026-07-01T15:47:08Z
no_archived_endpoint_rows_observed,1,The Super Casual Game,http://www.kongregate.com/games/esaffer/the-super-casual-game,www.kongregate.com/games/esaffer/the-super-casual-game,6,2016-03-16,24,0,6,0,0,0,chat_achievements;chat_js;holodeck;metrics_json;recommended_games,2026-07-01T15:44:50Z
no_archived_endpoint_rows_observed,1,quang,http://www.kongregate.com/games/1207732597/quang,www.kongregate.com/games/1207732597/quang,6,2016-06-22,30,0,8,0,0,0,chat_achievements;chat_js;holodeck;metrics_json;recommended_games,2026-07-01T15:47:08Z
no_archived_endpoint_rows_observed,1,EndGame,http://www.kongregate.com/games/SnowdonGames/endgame,www.kongregate.com/games/snowdongames/endgame,6,2016-07-27,31,0,8,0,0,0,chat_achievements;chat_js;holodeck;metrics_json;recommended_games,2026-07-01T15:47:56Z
no_archived_endpoint_rows_observed,1,Will's Quest For Cheese,http://www.kongregate.com/games/thebartyparty/wills-quest-for-cheese,www.kongregate.com/games/thebartyparty/wills-quest-for-cheese,6,2016-10-18,34,0,11,0,0,0,chat_achievements;chat_js;holodeck;metrics_json;recommended_games,2026-07-01T15:47:56Z
not_probed,1,Kuzini.comgnom,http://www.kongregate.com/games/iPTNZW/kuzini-comgnom,www.kongregate.com/games/iptnzw/kuzini-comgnom,6,2016-10-24,0,0,0,0,0,0,,
not_probed,1,American Cars Memory,http://www.kongregate.com/games/natalibt/american-cars-memory,www.kongregate.com/games/natalibt/american-cars-memory,6,2017-05-25,0,0,0,0,0,0,,
not_probed,1,Naruto Suspend,http://www.kongregate.com/games/thunderstorm38/naruto-suspend,www.kongregate.com/games/thunderstorm38/naruto-suspend,6,2017-07-28,0,0,0,0,0,0,,
not_probed,1,Extreme Battlefield,http://www.kongregate.com/games/thunderstorm38/extreme-battlefield,www.kongregate.com/games/thunderstorm38/extreme-battlefield,6,2017-07-29,0,0,0,0,0,0,,
not_probed,1,Seasonal Farming,http://www.kongregate.com/games/phacanu/seasonal-farming,www.kongregate.com/games/phacanu/seasonal-farming,6,2017-08-25,0,0,0,0,0,0,,
not_probed,1,Blocky Warrior,http://www.kongregate.com/games/mobilTR/blocky-warrior,www.kongregate.com/games/mobiltr/blocky-warrior,6,2017-11-06,0,0,0,0,0,0,,
not_probed,1,Hummer Puzzle,http://www.kongregate.com/games/natalibt/hummer-puzzle,www.kongregate.com/games/natalibt/hummer-puzzle,7,2014-12-10,0,0,0,0,0,0,,
not_probed,1,Sands of Doom,http://www.kongregate.com/games/szunyi/sands-of-doom,www.kongregate.com/games/szunyi/sands-of-doom,7,2014-12-28,0,0,0,0,0,0,,
not_probed,1,Teste1,http://www.kongregate.com/games/MateusF29/teste1,www.kongregate.com/games/mateusf29/teste1,7,2015-09-30,0,0,0,0,0,0,,
not_probed,1,FidgetFuck,http://www.kongregate.com/games/FlyingHighSecond/fidgetfuck,www.kongregate.com/games/flyinghighsecond/fidgetfuck,7,2017-06-04,0,0,0,0,0,0,,
not_probed,1,Right Box,http://www.kongregate.com/games/mafagames/right-box,www.kongregate.com/games/mafagames/right-box,7,2017-06-16,0,0,0,0,0,0,,
not_probed,1,Ball In The Cup,http://www.kongregate.com/games/mafagames/ball-in-the-cup,www.kongregate.com/games/mafagames/ball-in-the-cup,7,2017-07-12,0,0,0,0,0,0,,
not_probed,1,Litter Monkey,http://www.kongregate.com/games/thunderstorm38/litter-monkey,www.kongregate.com/games/thunderstorm38/litter-monkey,7,2017-07-28,0,0,0,0,0,0,,
not_probed,1,Treasure Hunt,http://www.kongregate.com/games/thunderstorm38/treasure-hunt,www.kongregate.com/games/thunderstorm38/treasure-hunt,7,2017-07-29,0,0,0,0,0,0,,
not_probed,1,Cloaked,http://www.kongregate.com/games/yvolcano4/cloaked,www.kongregate.com/games/yvolcano4/cloaked,7,2017-08-11,0,0,0,0,0,0,,
not_probed,1,Dragon Dash,http://www.kongregate.com/games/mobilTR/dragon-dash,www.kongregate.com/games/mobiltr/dragon-dash,7,2017-11-06,0,0,0,0,0,0,,
not_probed,1,Samsung KNOX,http://www.kongregate.com/games/CS_Dx/samsung-knox,www.kongregate.com/games/cs_dx/samsung-knox,8,2014-08-29,0,0,0,0,0,0,,
not_probed,1,Baby Talking Tom Great Makeover,http://www.kongregate.com/games/wowsomegames/baby-talking-tom-great-makeover,www.kongregate.com/games/wowsomegames/baby-talking-tom-great-makeover,8,2014-10-10,0,0,0,0,0,0,,
not_probed,1,Super Mario Puzzle,http://www.kongregate.com/games/natalibt/super-mario-puzzle,www.kongregate.com/games/natalibt/super-mario-puzzle,8,2014-10-13,0,0,0,0,0,0,,
not_probed,1,Terrorist Hunt,http://www.kongregate.com/games/szunyi/terrorist-hunt,www.kongregate.com/games/szunyi/terrorist-hunt,8,2014-12-28,0,0,0,0,0,0,,
not_probed,1,Wolfenstein 3D,http://www.kongregate.com/games/PaulHTML5/wolfenstein-3d,www.kongregate.com/games/paulhtml5/wolfenstein-3d,8,2015-09-03,0,0,0,0,0,0,,
not_probed,1,Love Story,http://www.kongregate.com/games/gamesrishti/love-story,www.kongregate.com/games/gamesrishti/love-story,8,2015-09-09,0,0,0,0,0,0,,
not_probed,1,Jogo Machão,http://www.kongregate.com/games/Beetle1/jogo-mach-o,www.kongregate.com/games/beetle1/jogo-mach-o,8,2015-09-30,0,0,0,0,0,0,,
not_probed,1,Untitled Game #1,http://www.kongregate.com/games/vswitch/untitled-game-1,www.kongregate.com/games/vswitch/untitled-game-1,8,2016-01-16,0,0,0,0,0,0,,
not_probed,1,Minifield,http://www.kongregate.com/games/JasonNumberXIII/minifield,www.kongregate.com/games/jasonnumberxiii/minifield,8,2017-06-25,0,0,0,0,0,0,,
not_probed,1,Mighty Motors - Drag Racing,http://www.kongregate.com/games/mobilTR/mighty-motors-drag-racing,www.kongregate.com/games/mobiltr/mighty-motors-drag-racing,8,2017-11-06,0,0,0,0,0,0,,
not_probed,1,Honey Clicker,https://www.kongregate.com/games/RedBot360/honey-clicker,www.kongregate.com/games/redbot360/honey-clicker,8,2019-08-25,0,0,0,0,0,0,,
not_probed,1,Marketglory,http://www.kongregate.com/games/breakdo/marketglory,www.kongregate.com/games/breakdo/marketglory,9,2014-09-02,0,0,0,0,0,0,,
not_probed,1,Costanza Cube 2,http://www.kongregate.com/games/dmarcy/costanza-cube-2,www.kongregate.com/games/dmarcy/costanza-cube-2,9,2014-09-26,0,0,0,0,0,0,,
not_probed,1,space mision alpha v1.0 3D,http://www.kongregate.com/games/fckn/space-mision-alpha-v1-0-3d,www.kongregate.com/games/fckn/space-mision-alpha-v1-0-3d,9,2014-10-09,0,0,0,0,0,0,,
not_probed,1,Clear Vision 3,http://www.kongregate.com/games/szunyi/clear-vision-3,www.kongregate.com/games/szunyi/clear-vision-3,9,2014-12-28,0,0,0,0,0,0,,
not_probed,1,The stupid Quiz,http://www.kongregate.com/games/Deheeteapple/the-stupid-quiz,www.kongregate.com/games/deheeteapple/the-stupid-quiz,9,2016-01-16,0,0,0,0,0,0,,
not_probed,1,Monster Shooter,http://www.kongregate.com/games/asad_marmash/monster-shooter,www.kongregate.com/games/asad_marmash/monster-shooter,9,2016-02-17,0,0,0,0,0,0,,
not_probed,1,Suns and Clouds,http://www.kongregate.com/games/LocoDiamond/suns-and-clouds,www.kongregate.com/games/locodiamond/suns-and-clouds,9,2016-06-29,0,0,0,0,0,0,,
not_probed,1,Coding Masters: Idle,http://www.kongregate.com/games/JGGsGames/coding-masters-idle,www.kongregate.com/games/jggsgames/coding-masters-idle,9,2016-08-13,0,0,0,0,0,0,,
not_probed,1,Plutonium quest,http://www.kongregate.com/games/arielroler/plutonium-quest,www.kongregate.com/games/arielroler/plutonium-quest,9,2016-10-30,0,0,0,0,0,0,,
not_probed,1,Plumber,http://www.kongregate.com/games/mafagames/plumber,www.kongregate.com/games/mafagames/plumber,9,2017-07-12,0,0,0,0,0,0,,
not_probed,1,Flying Bird,http://www.kongregate.com/games/sherazbhatti226/flying-bird,www.kongregate.com/games/sherazbhatti226/flying-bird,9,2017-07-29,0,0,0,0,0,0,,
not_probed,1,Spongebob Zombies Party,http://www.kongregate.com/games/feicaigames/spongebob-zombies-party,www.kongregate.com/games/feicaigames/spongebob-zombies-party,9,2017-08-17,0,0,0,0,0,0,,
not_probed,1,Oldschool tennis (pre-pre-BETA!),http://www.kongregate.com/games/ManCave_Studios/oldschool-tennis-pre-pre-beta,www.kongregate.com/games/mancave_studios/oldschool-tennis-pre-pre-beta,10,2014-10-09,0,0,0,0,0,0,,
not_probed,1,Terrorist Shootout,http://www.kongregate.com/games/gamesrishti/terrorist-shootout,www.kongregate.com/games/gamesrishti/terrorist-shootout,10,2014-10-10,0,0,0,0,0,0,,
not_probed,1,Moto Rush,http://www.kongregate.com/games/szunyi/moto-rush,www.kongregate.com/games/szunyi/moto-rush,10,2014-12-28,0,0,0,0,0,0,,
not_probed,1,Fiat Police Puzzle,http://www.kongregate.com/games/natalibt/fiat-police-puzzle,www.kongregate.com/games/natalibt/fiat-police-puzzle,10,2015-09-15,0,0,0,0,0,0,,
not_probed,1,Cadillac Police Puzzle,http://www.kongregate.com/games/natalibt/cadillac-police-puzzle,www.kongregate.com/games/natalibt/cadillac-police-puzzle,10,2015-09-23,0,0,0,0,0,0,,
not_probed,1,stupid quiz,http://www.kongregate.com/games/deheeteappel/stupid-quiz,www.kongregate.com/games/deheeteappel/stupid-quiz,10,2016-01-16,0,0,0,0,0,0,,
not_probed,1,AU Modern FPS,http://www.kongregate.com/games/OneManArmy3D/au-modern-fps,www.kongregate.com/games/onemanarmy3d/au-modern-fps,10,2016-01-25,0,0,0,0,0,0,,
not_probed,1,GeneSplicer: Hybrid Creator,http://www.kongregate.com/games/yvolcano4/genesplicer-hybrid-creator,www.kongregate.com/games/yvolcano4/genesplicer-hybrid-creator,10,2016-03-20,0,0,0,0,0,0,,
not_probed,1,The Last Defence 2,http://www.kongregate.com/games/siddharth1281998/the-last-defence-2,www.kongregate.com/games/siddharth1281998/the-last-defence-2,10,2016-06-13,0,0,0,0,0,0,,
not_probed,1,The Saga Of The Wind,http://www.kongregate.com/games/GhostTheFi/the-saga-of-the-wind,www.kongregate.com/games/ghostthefi/the-saga-of-the-wind,10,2016-06-29,0,0,0,0,0,0,,
not_probed,1,Phantom Reverse Episode 2,http://www.kongregate.com/games/JackAstral/phantom-reverse-episode-2,www.kongregate.com/games/jackastral/phantom-reverse-episode-2,10,2017-05-26,0,0,0,0,0,0,,
not_probed,1,Fidget Clicker,http://www.kongregate.com/games/Tatemartin/fidget-clicker,www.kongregate.com/games/tatemartin/fidget-clicker,10,2017-06-04,0,0,0,0,0,0,,
not_probed,1,Fidget Spinner Bros,http://www.kongregate.com/games/mafagames/fidget-spinner-bros,www.kongregate.com/games/mafagames/fidget-spinner-bros,10,2017-07-12,0,0,0,0,0,0,,
not_probed,1,Volkswagen Golf 2,http://www.kongregate.com/games/natalibt/volkswagen-golf-2,www.kongregate.com/games/natalibt/volkswagen-golf-2,10,2017-09-20,0,0,0,0,0,0,,
not_probed,1,Kaedemus,http://www.kongregate.com/games/Mirakus/kaedemus,www.kongregate.com/games/mirakus/kaedemus,10,2017-10-08,0,0,0,0,0,0,,
not_probed,1,Castles N' Knights,https://www.kongregate.com/games/RedBot360/castles-n-knights,www.kongregate.com/games/redbot360/castles-n-knights,10,2019-08-25,0,0,0,0,0,0,,
not_probed,1,StrormFall,http://www.kongregate.com/games/havetime02/strormfall,www.kongregate.com/games/havetime02/strormfall,11,2014-09-02,0,0,0,0,0,0,,
not_probed,1,Swimwear Store,http://www.kongregate.com/games/games2girls/swimwear-store,www.kongregate.com/games/games2girls/swimwear-store,11,2014-09-19,0,0,0,0,0,0,,
not_probed,1,Stalked Incubus,http://www.kongregate.com/games/HendrikSchiffer/stalked-incubus,www.kongregate.com/games/hendrikschiffer/stalked-incubus,11,2014-10-17,0,0,0,0,0,0,,
not_probed,1,Jaguar Puzzle,http://www.kongregate.com/games/natalibt/jaguar-puzzle,www.kongregate.com/games/natalibt/jaguar-puzzle,11,2014-12-17,0,0,0,0,0,0,,
not_probed,1,Dental Surgery,http://www.kongregate.com/games/szunyi/dental-surgery,www.kongregate.com/games/szunyi/dental-surgery,11,2014-12-28,0,0,0,0,0,0,,
not_probed,1,100 tons of Coal,http://www.kongregate.com/games/Palazoles/100-tons-of-coal,www.kongregate.com/games/palazoles/100-tons-of-coal,11,2015-09-15,0,0,0,0,0,0,,
not_probed,1,basic car behavior,http://www.kongregate.com/games/munoz20/basic-car-behavior,www.kongregate.com/games/munoz20/basic-car-behavior,11,2015-12-26,0,0,0,0,0,0,,
not_probed,1,Color Switch,http://www.kongregate.com/games/OneOnlineGames/color-switch,www.kongregate.com/games/oneonlinegames/color-switch,11,2016-02-17,0,0,0,0,0,0,,
not_probed,1,Ford Hidden Car Tires,http://www.kongregate.com/games/natalibt/ford-hidden-car-tires,www.kongregate.com/games/natalibt/ford-hidden-car-tires,11,2016-07-14,0,0,0,0,0,0,,
not_probed,1,Heroes of Myths,http://www.kongregate.com/games/robbert4/heroes-of-myths,www.kongregate.com/games/robbert4/heroes-of-myths,11,2017-05-05,0,0,0,0,0,0,,
not_probed,1,Plants vs. Zombies: Apocalypse,http://www.kongregate.com/games/jonthegreat711/plants-vs-zombies-apocalypse,www.kongregate.com/games/jonthegreat711/plants-vs-zombies-apocalypse,11,2017-07-12,0,0,0,0,0,0,,
not_probed,1,Bottle Flip Challenge,http://www.kongregate.com/games/mafagames/bottle-flip-challenge,www.kongregate.com/games/mafagames/bottle-flip-challenge,11,2017-09-20,0,0,0,0,0,0,,
not_probed,1,BigFarm Online(Sweden),http://www.kongregate.com/games/surre02/bigfarm-online-sweden,www.kongregate.com/games/surre02/bigfarm-online-sweden,12,2014-09-05,0,0,0,0,0,0,,
not_probed,1,Crazy Zombie v2.0 Crossing Hero,http://www.kongregate.com/games/game4joy/crazy-zombie-v2-0-crossing-hero,www.kongregate.com/games/game4joy/crazy-zombie-v2-0-crossing-hero,12,2014-12-17,0,0,0,0,0,0,,
not_probed,1,Tap Tap Infinity,http://www.kongregate.com/games/TapTapInfinity/tap-tap-infinity,www.kongregate.com/games/taptapinfinity/tap-tap-infinity,12,2015-01-03,0,0,0,0,0,0,,
not_probed,1,Zinku - Kuiz nga Kimia,http://www.kongregate.com/games/del7244009/zinku-kuiz-nga-kimia,www.kongregate.com/games/del7244009/zinku-kuiz-nga-kimia,12,2015-09-03,0,0,0,0,0,0,,
not_probed,1,Alfa Romeo Brera Puzzle,http://www.kongregate.com/games/natalibt/alfa-romeo-brera-puzzle,www.kongregate.com/games/natalibt/alfa-romeo-brera-puzzle,12,2015-09-23,0,0,0,0,0,0,,
not_probed,1,Powerblocks,http://www.kongregate.com/games/mafagames/powerblocks,www.kongregate.com/games/mafagames/powerblocks,12,2016-05-23,0,0,0,0,0,0,,
not_probed,1,Virus Attack,http://www.kongregate.com/games/mafagames/virus-attack,www.kongregate.com/games/mafagames/virus-attack,12,2016-05-24,0,0,0,0,0,0,,
not_probed,1,Dinamic Chess,http://www.kongregate.com/games/niconosave/dinamic-chess,www.kongregate.com/games/niconosave/dinamic-chess,12,2016-10-04,0,0,0,0,0,0,,
not_probed,1,Paradise,http://www.kongregate.com/games/spacegrid/paradise,www.kongregate.com/games/spacegrid/paradise,12,2017-05-25,0,0,0,0,0,0,,
not_probed,1,You Are Getting Tired,http://www.kongregate.com/games/SelfishDream/you-are-getting-tired,www.kongregate.com/games/selfishdream/you-are-getting-tired,12,2017-06-16,0,0,0,0,0,0,,
not_probed,1,Agents of Mayhem: Splatter Effect,http://www.kongregate.com/games/rheyank/agents-of-mayhem-splatter-effect,www.kongregate.com/games/rheyank/agents-of-mayhem-splatter-effect,12,2017-07-28,0,0,0,0,0,0,,
not_probed,1,Freekick Training,http://www.kongregate.com/games/mafagames/freekick-training,www.kongregate.com/games/mafagames/freekick-training,12,2017-09-13,0,0,0,0,0,0,,
not_probed,1,Zombie Buster,http://www.kongregate.com/games/mafagames/zombie-buster,www.kongregate.com/games/mafagames/zombie-buster,12,2017-09-20,0,0,0,0,0,0,,
not_probed,1,GravityHunt,http://www.kongregate.com/games/GravityHunt/gravityhunt,www.kongregate.com/games/gravityhunt/gravityhunt,13,2014-09-14,0,0,0,0,0,0,,
not_probed,1,Plants Attack,http://www.kongregate.com/games/xiatiandaole/plants-attack,www.kongregate.com/games/xiatiandaole/plants-attack,13,2014-10-10,0,0,0,0,0,0,,
not_probed,1,The FPS Training PreAlpha,http://www.kongregate.com/games/HLoKHaMZ/the-fps-training-prealpha,www.kongregate.com/games/hlokhamz/the-fps-training-prealpha,13,2014-10-17,0,0,0,0,0,0,,
not_probed,1,Kuizi Biologjia - Pjesa e 3,http://www.kongregate.com/games/del7244009/kuizi-biologjia-pjesa-e-3,www.kongregate.com/games/del7244009/kuizi-biologjia-pjesa-e-3,13,2015-09-03,0,0,0,0,0,0,,
not_probed,1,TDS game 2,http://www.kongregate.com/games/munoz20/tds-game-2,www.kongregate.com/games/munoz20/tds-game-2,13,2015-12-26,0,0,0,0,0,0,,
not_probed,1,Death Soul,http://www.kongregate.com/games/mafagames/death-soul,www.kongregate.com/games/mafagames/death-soul,13,2016-05-06,0,0,0,0,0,0,,
not_probed,1,Super Cowboy Run,http://www.kongregate.com/games/mafagames/super-cowboy-run,www.kongregate.com/games/mafagames/super-cowboy-run,13,2016-05-23,0,0,0,0,0,0,,
not_probed,1,Jumpy Shark,http://www.kongregate.com/games/mafagames/jumpy-shark,www.kongregate.com/games/mafagames/jumpy-shark,13,2016-05-24,0,0,0,0,0,0,,
not_probed,1,Gray Tank,http://www.kongregate.com/games/domjotebit/gray-tank,www.kongregate.com/games/domjotebit/gray-tank,13,2016-06-05,0,0,0,0,0,0,,
not_probed,1,Idle Game Dev,http://www.kongregate.com/games/Blobzone/idle-game-dev,www.kongregate.com/games/blobzone/idle-game-dev,13,2016-07-20,0,0,0,0,0,0,,
not_probed,1,Guerra de Quatro Mundos clique em [♥Like],http://www.kongregate.com/games/Maury71/guerra-de-quatro-mundos-clique-em-like,www.kongregate.com/games/maury71/guerra-de-quatro-mundos-clique-em-like,13,2016-08-28,0,0,0,0,0,0,,
not_probed,1,Hold Position 2: Medieval,http://www.kongregate.com/games/mafagames/hold-position-2-medieval,www.kongregate.com/games/mafagames/hold-position-2-medieval,13,2016-10-10,0,0,0,0,0,0,,
not_probed,1,Colotap,http://www.kongregate.com/games/Palazoles/colotap,www.kongregate.com/games/palazoles/colotap,13,2016-10-30,0,0,0,0,0,0,,
not_probed,1,Mike Shadow: I Paid For It! (Mochi Premiums),http://www.kongregate.com/games/Allkiko1/mike-shadow-i-paid-for-it-mochi-premiums,www.kongregate.com/games/allkiko1/mike-shadow-i-paid-for-it-mochi-premiums,13,2017-04-01,0,0,0,0,0,0,,
not_probed,1,Snake And Blocks,http://www.kongregate.com/games/mafagames/snake-and-blocks,www.kongregate.com/games/mafagames/snake-and-blocks,13,2017-07-20,0,0,0,0,0,0,,
not_probed,1,"101: A Video Game about Video Games (okay, a really early one)",http://www.kongregate.com/games/wigardju/101-a-video-game-about-video-games-okay-a-really-early-one,www.kongregate.com/games/wigardju/101-a-video-game-about-video-games-okay-a-really-early-one,13,2017-08-05,0,0,0,0,0,0,,
not_probed,1,Shoot the Roy Minions,http://www.kongregate.com/games/coolstronggames/shoot-the-roy-minions,www.kongregate.com/games/coolstronggames/shoot-the-roy-minions,13,2017-08-17,0,0,0,0,0,0,,
not_probed,1,Ninja Balance,http://www.kongregate.com/games/mafagames/ninja-balance,www.kongregate.com/games/mafagames/ninja-balance,13,2017-08-23,0,0,0,0,0,0,,
not_probed,1,Fighting For Glorton 1.2v,http://www.kongregate.com/games/Zueirao34/fighting-for-glorton-1-2v,www.kongregate.com/games/zueirao34/fighting-for-glorton-1-2v,13,2017-09-04,0,0,0,0,0,0,,
not_probed,1,Tangrid,http://www.kongregate.com/games/mafagames/tangrid,www.kongregate.com/games/mafagames/tangrid,13,2017-09-13,0,0,0,0,0,0,,
not_probed,1,Break The Line,http://www.kongregate.com/games/mafagames/break-the-line,www.kongregate.com/games/mafagames/break-the-line,13,2017-09-20,0,0,0,0,0,0,,
not_probed,1,Gold Miner Jack 2,https://www.kongregate.com/games/crazyschoolgames/gold-miner-jack-2,www.kongregate.com/games/crazyschoolgames/gold-miner-jack-2,13,2019-08-25,0,0,0,0,0,0,,
not_probed,1,Kuizi Biologjia - Pjesa e 4,http://www.kongregate.com/games/del7244009/kuizi-biologjia-pjesa-e-4,www.kongregate.com/games/del7244009/kuizi-biologjia-pjesa-e-4,14,2015-09-03,0,0,0,0,0,0,,
not_probed,1,Idle Capitalist 6,http://www.kongregate.com/games/KasparsM/idle-capitalist-6,www.kongregate.com/games/kasparsm/idle-capitalist-6,14,2015-09-09,0,0,0,0,0,0,,
not_probed,1,Spike Bird,http://www.kongregate.com/games/mafagames/spike-bird,www.kongregate.com/games/mafagames/spike-bird,14,2016-05-06,0,0,0,0,0,0,,
not_probed,1,Transport,http://www.kongregate.com/games/mafagames/transport,www.kongregate.com/games/mafagames/transport,14,2016-05-23,0,0,0,0,0,0,,
not_probed,1,My Little Pony Winter Fashion 2,http://www.kongregate.com/games/mafagames/my-little-pony-winter-fashion-2,www.kongregate.com/games/mafagames/my-little-pony-winter-fashion-2,14,2016-05-24,0,0,0,0,0,0,,
not_probed,1,FurLight,http://www.kongregate.com/games/ArsenG1/furlight,www.kongregate.com/games/arseng1/furlight,14,2016-06-04,0,0,0,0,0,0,,
not_probed,1,Yandere - Heartbreak,http://www.kongregate.com/games/swiftmoon12/yandere-heartbreak,www.kongregate.com/games/swiftmoon12/yandere-heartbreak,14,2016-08-20,0,0,0,0,0,0,,
not_probed,1,Karting Racing,http://www.kongregate.com/games/mafagames/karting-racing,www.kongregate.com/games/mafagames/karting-racing,14,2016-10-10,0,0,0,0,0,0,,
not_probed,1,My Summer Items,http://www.kongregate.com/games/natalibt/my-summer-items,www.kongregate.com/games/natalibt/my-summer-items,14,2017-06-15,0,0,0,0,0,0,,
not_probed,1,TRY. DIE. REPEAT.,http://www.kongregate.com/games/rodolfodth/try-die-repeat,www.kongregate.com/games/rodolfodth/try-die-repeat,14,2017-06-16,0,0,0,0,0,0,,
not_probed,1,Mad Taxi,http://www.kongregate.com/games/mafagames/mad-taxi,www.kongregate.com/games/mafagames/mad-taxi,14,2017-07-20,0,0,0,0,0,0,,
not_probed,1,Test 2,http://www.kongregate.com/games/Nicolo974jtm34/test-2,www.kongregate.com/games/nicolo974jtm34/test-2,15,2014-10-03,0,0,0,0,0,0,,
not_probed,1,Kuizi Biologjia - Pjesa e 2,http://www.kongregate.com/games/del7244009/kuizi-biologjia-pjesa-e-2,www.kongregate.com/games/del7244009/kuizi-biologjia-pjesa-e-2,15,2015-09-03,0,0,0,0,0,0,,
not_probed,1,Mater Cars Puzzle,http://www.kongregate.com/games/natalibt/mater-cars-puzzle,www.kongregate.com/games/natalibt/mater-cars-puzzle,15,2015-09-09,0,0,0,0,0,0,,
not_probed,1,Duck Shooter,http://www.kongregate.com/games/mafagames/duck-shooter,www.kongregate.com/games/mafagames/duck-shooter,15,2016-05-06,0,0,0,0,0,0,,
not_probed,1,Bloosso Run,http://www.kongregate.com/games/JurgisT/bloosso-run,www.kongregate.com/games/jurgist/bloosso-run,15,2016-05-15,0,0,0,0,0,0,,
not_probed,1,Labyrinth,http://www.kongregate.com/games/mafagames/labyrinth,www.kongregate.com/games/mafagames/labyrinth,15,2016-05-23,0,0,0,0,0,0,,
not_probed,1,The ball game,http://www.kongregate.com/games/danwon67/the-ball-game,www.kongregate.com/games/danwon67/the-ball-game,15,2016-07-14,0,0,0,0,0,0,,
not_probed,1,DELTA warfare,http://www.kongregate.com/games/schambulat20/delta-warfare,www.kongregate.com/games/schambulat20/delta-warfare,15,2016-09-03,0,0,0,0,0,0,,
not_probed,1,Mad Boy Adventures,http://www.kongregate.com/games/mafagames/mad-boy-adventures,www.kongregate.com/games/mafagames/mad-boy-adventures,15,2016-10-10,0,0,0,0,0,0,,
not_probed,1,DON'T DESTROY THE BALL!,http://www.kongregate.com/games/phacanu/dont-destroy-the-ball,www.kongregate.com/games/phacanu/dont-destroy-the-ball,15,2017-06-04,0,0,0,0,0,0,,
not_probed,1,Space Trip,http://www.kongregate.com/games/mafagames/space-trip,www.kongregate.com/games/mafagames/space-trip,15,2017-07-20,0,0,0,0,0,0,,
not_probed,1,Doblons.oi,http://www.kongregate.com/games/Zueirao34/doblons-oi,www.kongregate.com/games/zueirao34/doblons-oi,15,2017-09-04,0,0,0,0,0,0,,
not_probed,1,Car Rush 2,http://www.kongregate.com/games/mafagames/car-rush-2,www.kongregate.com/games/mafagames/car-rush-2,15,2017-09-13,0,0,0,0,0,0,,
not_probed,1,Moto Jumper,http://www.kongregate.com/games/darekapps/moto-jumper,www.kongregate.com/games/darekapps/moto-jumper,15,2017-10-08,0,0,0,0,0,0,,
not_probed,1,Ascending LSD,http://www.kongregate.com/games/KING34/ascending-lsd,www.kongregate.com/games/king34/ascending-lsd,15,2017-10-24,0,0,0,0,0,0,,
not_probed,1,Monopoly IO,http://www.kongregate.com/games/benbean303/monopoly-io,www.kongregate.com/games/benbean303/monopoly-io,15,2017-11-06,0,0,0,0,0,0,,
not_probed,1,FootballManager Online,http://www.kongregate.com/games/surre02/footballmanager-online,www.kongregate.com/games/surre02/footballmanager-online,16,2014-09-05,0,0,0,0,0,0,,
not_probed,1,Test1,http://www.kongregate.com/games/Nicolo974jtm34/test1,www.kongregate.com/games/nicolo974jtm34/test1,16,2014-10-03,0,0,0,0,0,0,,
not_probed,1,OuterSpace [PitBall] Offical,http://www.kongregate.com/games/NickJ66/outerspace-pitball-offical,www.kongregate.com/games/nickj66/outerspace-pitball-offical,16,2014-10-10,0,0,0,0,0,0,,
not_probed,1,Peppa Pig Ice Cream Shop,http://www.kongregate.com/games/lemonindieg/peppa-pig-ice-cream-shop,www.kongregate.com/games/lemonindieg/peppa-pig-ice-cream-shop,16,2014-10-13,0,0,0,0,0,0,,
not_probed,1,Kuizi Autoshkolla - Testi 1,http://www.kongregate.com/games/del7244009/kuizi-autoshkolla-testi-1,www.kongregate.com/games/del7244009/kuizi-autoshkolla-testi-1,16,2015-09-03,0,0,0,0,0,0,,
not_probed,1,Miner 2,http://www.kongregate.com/games/KillingPigs123/miner-2,www.kongregate.com/games/killingpigs123/miner-2,16,2015-09-09,0,0,0,0,0,0,,
not_probed,1,Quad Maze Lite V4.1,http://www.kongregate.com/games/Anqa_Game/quad-maze-lite-v4-1,www.kongregate.com/games/anqa_game/quad-maze-lite-v4-1,16,2015-12-05,0,0,0,0,0,0,,
not_probed,1,Elsa Facial Skin Care,http://www.kongregate.com/games/marydressupgames/elsa-facial-skin-care,www.kongregate.com/games/marydressupgames/elsa-facial-skin-care,16,2016-02-28,0,0,0,0,0,0,,
not_probed,1,Pregnant Elsa Baby Room Deco,http://www.kongregate.com/games/mafagames/pregnant-elsa-baby-room-deco,www.kongregate.com/games/mafagames/pregnant-elsa-baby-room-deco,16,2016-05-23,0,0,0,0,0,0,,
not_probed,1,Jungle Gems,http://www.kongregate.com/games/gamesrishti/jungle-gems,www.kongregate.com/games/gamesrishti/jungle-gems,16,2016-07-20,0,0,0,0,0,0,,
not_probed,1,Chat Public or Private,http://www.kongregate.com/games/MrBaidu/chat-public-or-private,www.kongregate.com/games/mrbaidu/chat-public-or-private,16,2016-07-27,0,0,0,0,0,0,,
not_probed,1,Maze Platformer,http://www.kongregate.com/games/Erendis42/maze-platformer,www.kongregate.com/games/erendis42/maze-platformer,16,2016-08-05,0,0,0,0,0,0,,
not_probed,1,Christmas Memory,http://www.kongregate.com/games/mafagames/christmas-memory,www.kongregate.com/games/mafagames/christmas-memory,16,2016-10-10,0,0,0,0,0,0,,
not_probed,1,Two Man Hockey,http://www.kongregate.com/games/smatthews1999/two-man-hockey,www.kongregate.com/games/smatthews1999/two-man-hockey,16,2017-05-05,0,0,0,0,0,0,,
not_probed,1,Dimensional (beta),http://www.kongregate.com/games/Vermillion_gd/dimensional-beta,www.kongregate.com/games/vermillion_gd/dimensional-beta,16,2017-07-03,0,0,0,0,0,0,,
not_probed,1,Figure Fighting 2.4 Beta,http://www.kongregate.com/games/Zueirao34/figure-fighting-2-4-beta,www.kongregate.com/games/zueirao34/figure-fighting-2-4-beta,16,2017-09-04,0,0,0,0,0,0,,
not_probed,1,Sand Worm,http://www.kongregate.com/games/mafagames/sand-worm,www.kongregate.com/games/mafagames/sand-worm,16,2017-09-30,0,0,0,0,0,0,,
not_probed,1,Back to School Fashion,http://www.kongregate.com/games/games2girls/back-to-school-fashion,www.kongregate.com/games/games2girls/back-to-school-fashion,17,2014-10-03,0,0,0,0,0,0,,
not_probed,1,Kuiz për Australinë,http://www.kongregate.com/games/del7244009/kuiz-p-r-australin,www.kongregate.com/games/del7244009/kuiz-p-r-australin,17,2015-09-03,0,0,0,0,0,0,,
not_probed,1,HitlerVsVikings,http://www.kongregate.com/games/Naoisi_Swaz/hitlervsvikings,www.kongregate.com/games/naoisi_swaz/hitlervsvikings,17,2016-07-07,0,0,0,0,0,0,,
not_probed,1,Kongpanion Friend Generator,http://www.kongregate.com/games/yvolcano4/kongpanion-friend-generator,www.kongregate.com/games/yvolcano4/kongpanion-friend-generator,17,2016-08-05,0,0,0,0,0,0,,
not_probed,1,Flap Cat Halloween,http://www.kongregate.com/games/mafagames/flap-cat-halloween,www.kongregate.com/games/mafagames/flap-cat-halloween,17,2016-10-10,0,0,0,0,0,0,,
not_probed,1,Kosmogon,http://www.kongregate.com/games/quickcasualgames/kosmogon,www.kongregate.com/games/quickcasualgames/kosmogon,17,2017-05-16,0,0,0,0,0,0,,
not_probed,1,Bus & Subway Runner,http://www.kongregate.com/games/echocargames/bus-subway-runner,www.kongregate.com/games/echocargames/bus-subway-runner,17,2017-09-30,0,0,0,0,0,0,,
not_probed,1,Murder,http://www.kongregate.com/games/hussnainjaved534/murder,www.kongregate.com/games/hussnainjaved534/murder,17,2017-10-24,0,0,0,0,0,0,,
not_probed,1,Life Of A Golf Ball,http://www.kongregate.com/games/lubo36/life-of-a-golf-ball,www.kongregate.com/games/lubo36/life-of-a-golf-ball,17,2017-11-06,0,0,0,0,0,0,,
not_probed,2,Bubble Shooter Exclusive,http://www.kongregate.com/games/fighter106/bubble-shooter-exclusive,www.kongregate.com/games/fighter106/bubble-shooter-exclusive,4,2014-06-20,0,0,0,0,0,0,,
not_probed,3,IndestructoCopter,http://www.kongregate.com/games/Joshua140/indestructocopter,www.kongregate.com/games/joshua140/indestructocopter,1,2008-05-09,0,0,0,0,0,0,,
not_probed,3,BLOB KILLS BALL!,http://www.kongregate.com/games/bryces12/blob-kills-ball,www.kongregate.com/games/bryces12/blob-kills-ball,1,2010-10-18,0,0,0,0,0,0,,
not_probed,3,City Runner 3D,http://www.kongregate.com/games/PaperCup/city-runner-3d,www.kongregate.com/games/papercup/city-runner-3d,1,2011-07-17,0,0,0,0,0,0,,
not_probed,3,Electro City,http://www.kongregate.com/games/purecube/electro-city,www.kongregate.com/games/purecube/electro-city,1,2011-07-21,0,0,0,0,0,0,,
not_probed,3,Maddening Foolishness,http://www.kongregate.com/games/darthpeanut113/maddening-foolishness,www.kongregate.com/games/darthpeanut113/maddening-foolishness,1,2011-12-31,0,0,0,0,0,0,,
not_probed,3,Penguin Heroes,http://www.kongregate.com/games/ShunKazami/penguin-heroes,www.kongregate.com/games/shunkazami/penguin-heroes,1,2012-01-01,0,0,0,0,0,0,,
not_probed,3,Stafforb's Worst Pokemon Battle,http://www.kongregate.com/games/Stafforb_Pokemon/stafforbs-worst-pokemon-battle,www.kongregate.com/games/stafforb_pokemon/stafforbs-worst-pokemon-battle,1,2013-04-11,0,0,0,0,0,0,,
not_probed,3,Jupiter OGame,http://www.kongregate.com/games/KingStar22/jupiter-ogame,www.kongregate.com/games/kingstar22/jupiter-ogame,1,2014-07-26,0,0,0,0,0,0,,
not_probed,3,First Date,http://www.kongregate.com/games/slixmedia/first-date,www.kongregate.com/games/slixmedia/first-date,2,2010-10-13,0,0,0,0,0,0,,
not_probed,3,Battle For Gondor,http://www.kongregate.com/games/jaime2310/battle-for-gondor,www.kongregate.com/games/jaime2310/battle-for-gondor,2,2011-04-09,0,0,0,0,0,0,,
not_probed,3,RPG Shooter,http://www.kongregate.com/games/powerpoler/rpg-shooter,www.kongregate.com/games/powerpoler/rpg-shooter,2,2011-06-10,0,0,0,0,0,0,,
not_probed,3,Jamproject Classic Roc...,http://www.kongregate.com/games/21Axes999/jamproject-classic-rock-skin,www.kongregate.com/games/21axes999/jamproject-classic-rock-skin,2,2011-06-29,0,0,0,0,0,0,,
not_probed,3,Chuck Norris MMORPG,http://www.kongregate.com/games/PaperCup/chuck-norris-mmorpg,www.kongregate.com/games/papercup/chuck-norris-mmorpg,2,2011-07-17,0,0,0,0,0,0,,
not_probed,3,I Don't Even Know,http://www.kongregate.com/games/DXInteractive/i-dont-even-know,www.kongregate.com/games/dxinteractive/i-dont-even-know,2,2011-07-24,0,0,0,0,0,0,,
not_probed,3,Mini Ninja Coloring,http://www.kongregate.com/games/petee/mini-ninja-coloring,www.kongregate.com/games/petee/mini-ninja-coloring,2,2011-07-28,0,0,0,0,0,0,,
not_probed,3,"""The Game"" Chat",http://www.kongregate.com/games/Qwertybeef/the-game-chat,www.kongregate.com/games/qwertybeef/the-game-chat,2,2011-08-05,0,0,0,0,0,0,,
not_probed,3,Motivational Chatroom ...,http://www.kongregate.com/games/Ilikecrabs/motivational-chatroom-drinking-game,www.kongregate.com/games/ilikecrabs/motivational-chatroom-drinking-game,2,2011-08-09,0,0,0,0,0,0,,
not_probed,3,Another of Stafforb's Pokemon Battles.,http://www.kongregate.com/games/Stafforb_Pokemon/another-of-stafforbs-pokemon-battles,www.kongregate.com/games/stafforb_pokemon/another-of-stafforbs-pokemon-battles,2,2013-04-11,0,0,0,0,0,0,,
not_probed,3,Make Butter Waffles,http://www.kongregate.com/games/alia2013/make-butter-waffles,www.kongregate.com/games/alia2013/make-butter-waffles,2,2014-04-11,0,0,0,0,0,0,,
not_probed,3,Broken World WIP,http://www.kongregate.com/games/JackTrades/broken-world-wip,www.kongregate.com/games/jacktrades/broken-world-wip,3,2011-01-11,0,0,0,0,0,0,,
not_probed,3,PhysicsWars,http://www.kongregate.com/games/friuns/physicswars,www.kongregate.com/games/friuns/physicswars,3,2011-02-09,0,0,0,0,0,0,,
not_probed,3,Run And Monetize,http://www.kongregate.com/games/rc88_/run-and-monetize,www.kongregate.com/games/rc88_/run-and-monetize,3,2011-02-27,0,0,0,0,0,0,,
not_probed,3,Chocolate Rain TAY ZONDAY,http://www.kongregate.com/games/Shi_Thead/chocolate-rain-tay-zonday,www.kongregate.com/games/shi_thead/chocolate-rain-tay-zonday,3,2011-03-19,0,0,0,0,0,0,,
not_probed,3,Office Supply Team!,http://www.kongregate.com/games/deesus/office-supply-team,www.kongregate.com/games/deesus/office-supply-team,3,2011-03-23,0,0,0,0,0,0,,
not_probed,3,Blozorz Hacked,http://www.kongregate.com/games/tinkan11/blozorz-hacked,www.kongregate.com/games/tinkan11/blozorz-hacked,3,2011-04-05,0,0,0,0,0,0,,
not_probed,3,Jumbo Adventure,http://www.kongregate.com/games/gamesrishti/jumbo-adventure,www.kongregate.com/games/gamesrishti/jumbo-adventure,3,2011-04-16,0,0,0,0,0,0,,
not_probed,3,Stickman Adventure,http://www.kongregate.com/games/powerpoler/stickman-adventure,www.kongregate.com/games/powerpoler/stickman-adventure,3,2011-06-18,0,0,0,0,0,0,,
not_probed,3,Touch me NOW!,http://www.kongregate.com/games/bullybee/touch-me-now,www.kongregate.com/games/bullybee/touch-me-now,3,2011-07-13,0,0,0,0,0,0,,
not_probed,3,How to make an MMORPG,http://www.kongregate.com/games/PaperCup/how-to-make-an-mmorpg,www.kongregate.com/games/papercup/how-to-make-an-mmorpg,3,2011-07-17,0,0,0,0,0,0,,
not_probed,3,zombie dolls,http://www.kongregate.com/games/starmeiko/zombie-dolls,www.kongregate.com/games/starmeiko/zombie-dolls,3,2011-07-24,0,0,0,0,0,0,,
not_probed,3,GTA Portable,http://www.kongregate.com/games/firekez/gta-portable,www.kongregate.com/games/firekez/gta-portable,3,2012-11-01,0,0,0,0,0,0,,
not_probed,3,Fruit connect,http://www.kongregate.com/games/alia2013/fruit-connect,www.kongregate.com/games/alia2013/fruit-connect,3,2014-04-11,0,0,0,0,0,0,,
not_probed,3,Paper Doors Escape,http://www.kongregate.com/games/game4joy/paper-doors-escape,www.kongregate.com/games/game4joy/paper-doors-escape,3,2014-06-06,0,0,0,0,0,0,,
not_probed,3,Eternal-Red,http://www.kongregate.com/games/MohammadAqib07/eternal-red,www.kongregate.com/games/mohammadaqib07/eternal-red,3,2014-07-21,0,0,0,0,0,0,,
not_probed,3,Clear Vision Elite,http://www.kongregate.com/games/dpflashes/clear-vision-elite,www.kongregate.com/games/dpflashes/clear-vision-elite,4,2008-08-13,0,0,0,0,0,0,,
not_probed,3,Active Ashfield's Conversion Challenge,http://www.kongregate.com/games/QuakMultimedia/active-ashfields-conversion-challenge,www.kongregate.com/games/quakmultimedia/active-ashfields-conversion-challenge,4,2009-10-14,0,0,0,0,0,0,,
not_probed,3,Photogrounds,http://www.kongregate.com/games/nathanielmilburn/photogrounds,www.kongregate.com/games/nathanielmilburn/photogrounds,4,2010-10-13,0,0,0,0,0,0,,
not_probed,3,Spongebob VS. Larry Ve...,http://www.kongregate.com/games/S_Schreiber/spongebob-vs-larry-version-2,www.kongregate.com/games/s_schreiber/spongebob-vs-larry-version-2,4,2011-02-27,0,0,0,0,0,0,,
not_probed,3,Fadious Dragon,http://www.kongregate.com/games/1SwiftHawk/fadious-dragon,www.kongregate.com/games/1swifthawk/fadious-dragon,4,2011-03-11,0,0,0,0,0,0,,
not_probed,3,Snow Fight 3.0,http://www.kongregate.com/games/jaime2310/snow-fight-3-0,www.kongregate.com/games/jaime2310/snow-fight-3-0,4,2011-04-05,0,0,0,0,0,0,,
not_probed,3,Fantasy Warriors,http://www.kongregate.com/games/gamesrishti/fantasy-warriors,www.kongregate.com/games/gamesrishti/fantasy-warriors,4,2011-04-16,0,0,0,0,0,0,,
not_probed,3,arch_diagram,http://www.kongregate.com/games/WangHailong__9/arch-diagram,www.kongregate.com/games/wanghailong__9/arch-diagram,4,2011-06-05,0,0,0,0,0,0,,
not_probed,3,Escape the Ship,http://www.kongregate.com/games/Speedychris/escape-the-ship,www.kongregate.com/games/speedychris/escape-the-ship,4,2011-06-29,0,0,0,0,0,0,,
not_probed,3,Hidden Dungeons MMORPG,http://www.kongregate.com/games/PaperCup/hidden-dungeons-mmorpg,www.kongregate.com/games/papercup/hidden-dungeons-mmorpg,4,2011-07-17,0,0,0,0,0,0,,
not_probed,3,Hidden Car Keys,http://www.kongregate.com/games/manchebt/hidden-car-keys,www.kongregate.com/games/manchebt/hidden-car-keys,4,2012-11-01,0,0,0,0,0,0,,
not_probed,3,Modern War,http://www.kongregate.com/games/xiatiandaole/modern-war,www.kongregate.com/games/xiatiandaole/modern-war,4,2014-07-26,0,0,0,0,0,0,,
not_probed,3,Countdown Striker,http://www.kongregate.com/games/anna54/countdown-striker,www.kongregate.com/games/anna54/countdown-striker,4,2014-07-30,0,0,0,0,0,0,,
not_probed,3,Fiat Puzzle,http://www.kongregate.com/games/natalibt/fiat-puzzle,www.kongregate.com/games/natalibt/fiat-puzzle,4,2014-08-11,0,0,0,0,0,0,,
not_probed,3,Crazy Chaotic Chicken Chase,http://www.kongregate.com/games/GrantJO/crazy-chaotic-chicken-chase,www.kongregate.com/games/grantjo/crazy-chaotic-chicken-chase,4,2014-08-15,0,0,0,0,0,0,,
not_probed,3,Is your brother EVIL?!?,http://www.kongregate.com/games/AsianSensation3/is-your-brother-evil,www.kongregate.com/games/asiansensation3/is-your-brother-evil,5,2010-10-22,0,0,0,0,0,0,,
not_probed,3,gold panic,http://www.kongregate.com/games/zoolumonkey/gold-panic,www.kongregate.com/games/zoolumonkey/gold-panic,5,2011-01-11,0,0,0,0,0,0,,
not_probed,3,Back To Future-The Game,http://www.kongregate.com/games/wabala/back-to-future-the-game,www.kongregate.com/games/wabala/back-to-future-the-game,5,2011-06-05,0,0,0,0,0,0,,
not_probed,3,Chaos Faction 2,http://www.kongregate.com/games/XxXMaleXxX/chaos-faction-2,www.kongregate.com/games/xxxmalexxx/chaos-faction-2,5,2011-06-13,0,0,0,0,0,0,,
not_probed,3,Giraffe Coloring,http://www.kongregate.com/games/petee/giraffe-coloring,www.kongregate.com/games/petee/giraffe-coloring,5,2011-07-10,0,0,0,0,0,0,,
not_probed,3,wolvorin,http://www.kongregate.com/games/medamine14/wolvorin,www.kongregate.com/games/medamine14/wolvorin,5,2011-07-21,0,0,0,0,0,0,,
not_probed,3,Electric Man 2Hs,http://www.kongregate.com/games/DXInteractive/electric-man-2hs,www.kongregate.com/games/dxinteractive/electric-man-2hs,5,2011-07-24,0,0,0,0,0,0,,
not_probed,3,REPLAY The Game,http://www.kongregate.com/games/5tea/replay-the-game,www.kongregate.com/games/5tea/replay-the-game,5,2011-08-09,0,0,0,0,0,0,,
not_probed,3,Get Ready for the Horse Show,http://www.kongregate.com/games/games2girls/get-ready-for-the-horse-show,www.kongregate.com/games/games2girls/get-ready-for-the-horse-show,5,2014-06-06,0,0,0,0,0,0,,
not_probed,3,Click the Squirrel,http://www.kongregate.com/games/HailSatanMeth420/click-the-squirrel,www.kongregate.com/games/hailsatanmeth420/click-the-squirrel,5,2014-07-30,0,0,0,0,0,0,,
not_probed,3,Chat/Read!,http://www.kongregate.com/games/GMBL629/chat-read,www.kongregate.com/games/gmbl629/chat-read,6,2010-10-22,0,0,0,0,0,0,,
not_probed,3,BearBoy and the Cursor,http://www.kongregate.com/games/TecknozThaBezt/bearboy-and-the-cursor,www.kongregate.com/games/tecknozthabezt/bearboy-and-the-cursor,6,2011-04-05,0,0,0,0,0,0,,
not_probed,3,Ayla Cook: Picnic Menu,http://www.kongregate.com/games/games2girls/ayla-cook-picnic-menu,www.kongregate.com/games/games2girls/ayla-cook-picnic-menu,6,2011-06-01,0,0,0,0,0,0,,
not_probed,3,Argentina y sus Provin...,http://www.kongregate.com/games/wabala/argentina-y-sus-provincias,www.kongregate.com/games/wabala/argentina-y-sus-provincias,6,2011-06-05,0,0,0,0,0,0,,
not_probed,3,Ultimate doodle man,http://www.kongregate.com/games/KillerExis/ultimate-doodle-man,www.kongregate.com/games/killerexis/ultimate-doodle-man,6,2011-07-21,0,0,0,0,0,0,,
not_probed,3,Xiao 4,http://www.kongregate.com/games/5tea/xiao-4,www.kongregate.com/games/5tea/xiao-4,6,2011-08-09,0,0,0,0,0,0,,
not_probed,3,Jjj,http://www.kongregate.com/games/YoYBA/jjj,www.kongregate.com/games/yoyba/jjj,6,2014-04-11,0,0,0,0,0,0,,
not_probed,3,super mario crossover,http://www.kongregate.com/games/bulletstorm100/super-mario-crossover,www.kongregate.com/games/bulletstorm100/super-mario-crossover,6,2014-06-06,0,0,0,0,0,0,,
not_probed,3,Fruit Game,http://www.kongregate.com/games/romania356/fruit-game,www.kongregate.com/games/romania356/fruit-game,7,2010-11-08,0,0,0,0,0,0,,
not_probed,3,Pizza Truck,http://www.kongregate.com/games/TecknozThaBezt/pizza-truck,www.kongregate.com/games/tecknozthabezt/pizza-truck,7,2011-04-05,0,0,0,0,0,0,,
not_probed,3,The 10 Question Quiz 2!,http://www.kongregate.com/games/womalmonster/the-10-question-quiz-2,www.kongregate.com/games/womalmonster/the-10-question-quiz-2,7,2011-07-17,0,0,0,0,0,0,,
not_probed,3,Fashion Expert,http://www.kongregate.com/games/games2girls/fashion-expert,www.kongregate.com/games/games2girls/fashion-expert,7,2011-08-05,0,0,0,0,0,0,,
not_probed,3,The Game,http://www.kongregate.com/games/5tea/the-game,www.kongregate.com/games/5tea/the-game,7,2011-08-09,0,0,0,0,0,0,,
not_probed,3,Sliding Plate Adventure,http://www.kongregate.com/games/qingfengges/sliding-plate-adventure,www.kongregate.com/games/qingfengges/sliding-plate-adventure,7,2012-11-01,0,0,0,0,0,0,,
not_probed,3,Where's My Water Fighting Planes,http://www.kongregate.com/games/writerbianji/wheres-my-water-fighting-planes,www.kongregate.com/games/writerbianji/wheres-my-water-fighting-planes,7,2014-06-13,0,0,0,0,0,0,,
not_probed,3,Dynamite Soccer Online,http://www.kongregate.com/games/solman02/dynamite-soccer-online,www.kongregate.com/games/solman02/dynamite-soccer-online,7,2014-06-27,0,0,0,0,0,0,,
not_probed,3,Garage Rush,http://www.kongregate.com/games/games2girls/garage-rush,www.kongregate.com/games/games2girls/garage-rush,7,2014-08-01,0,0,0,0,0,0,,
not_probed,3,"Maze, 2",http://www.kongregate.com/games/ic2000/maze-2,www.kongregate.com/games/ic2000/maze-2,8,2010-11-23,0,0,0,0,0,0,,
not_probed,3,Platform Block Demo,http://www.kongregate.com/games/PickOnSomeone/platform-block-demo,www.kongregate.com/games/pickonsomeone/platform-block-demo,8,2011-03-23,0,0,0,0,0,0,,
not_probed,3,Do Not Press,http://www.kongregate.com/games/fancygamer/do-not-press,www.kongregate.com/games/fancygamer/do-not-press,8,2011-04-05,0,0,0,0,0,0,,
not_probed,3,Chain Gun Rex,http://www.kongregate.com/games/mokshal1663/chain-gun-rex,www.kongregate.com/games/mokshal1663/chain-gun-rex,8,2011-05-28,0,0,0,0,0,0,,
not_probed,3,Fish Rush,http://www.kongregate.com/games/FkidsPR/fish-rush,www.kongregate.com/games/fkidspr/fish-rush,8,2011-06-29,0,0,0,0,0,0,,
not_probed,3,The Bill Cosby Fun Game,http://www.kongregate.com/games/ctnumber1/the-bill-cosby-fun-game,www.kongregate.com/games/ctnumber1/the-bill-cosby-fun-game,8,2011-07-05,0,0,0,0,0,0,,
not_probed,3,rocks vs gold version 1.4,http://www.kongregate.com/games/rand0mgamez/rocks-vs-gold-version-1-4,www.kongregate.com/games/rand0mgamez/rocks-vs-gold-version-1-4,8,2011-08-13,0,0,0,0,0,0,,
not_probed,3,Quantum Of Light,http://www.kongregate.com/games/foumart/quantum-of-light,www.kongregate.com/games/foumart/quantum-of-light,8,2014-08-16,0,0,0,0,0,0,,
not_probed,3,Robin the Archer in Pixeland,http://www.kongregate.com/games/slixmedia/robin-the-archer-in-pixeland,www.kongregate.com/games/slixmedia/robin-the-archer-in-pixeland,9,2009-10-14,0,0,0,0,0,0,,
not_probed,3,Ninja Quest,http://www.kongregate.com/games/Sigit_Haryo/ninja-quest,www.kongregate.com/games/sigit_haryo/ninja-quest,15,2009-10-14,0,0,0,0,0,0,,
recovered_count,,SuperBall Idle,http://www.kongregate.com/games/joao8991/superball-idle,www.kongregate.com/games/joao8991/superball-idle,,,0,0,0,0,0,1,,
