status,followup_tier,game_name,game_url,canonical_game_key,best_rank,top_n_appearances,listing_play_count_rows,needs_game_page_history,first_seen_date,last_seen_date,cached_cdx_variants,unique_cdx_rows,parsed_page_rows,failed_page_rows,no_explicit_count_failures,network_or_fetch_failures,recommended_next_action
html_without_explicit_count,1,SuperBall Idle,http://www.kongregate.com/games/joao8991/superball-idle,www.kongregate.com/games/joao8991/superball-idle,1,1,0,yes,2016-03-24,2016-03-24,2,1,0,1,1,0,Probe adjacent archived JSON/API routes; cached HTML appears to rely on JavaScript-injected metrics.
html_without_explicit_count,1,Make Me 10,http://www.kongregate.com/games/LinhVo1611/make-me-10,www.kongregate.com/games/linhvo1611/make-me-10,1,1,0,yes,2017-05-16,2017-05-16,1,8,0,2,2,0,Probe adjacent archived JSON/API routes; cached HTML appears to rely on JavaScript-injected metrics.
html_without_explicit_count,1,Key to Success,http://www.kongregate.com/games/SamuelVenable/key-to-success,www.kongregate.com/games/samuelvenable/key-to-success,1,1,0,yes,2017-05-25,2017-05-25,2,1,0,1,1,0,Probe adjacent archived JSON/API routes; cached HTML appears to rely on JavaScript-injected metrics.
html_without_explicit_count,1,Missiles Again,http://www.kongregate.com/games/mafagames/missiles-again,www.kongregate.com/games/mafagames/missiles-again,1,1,0,yes,2017-05-26,2017-05-26,6,1,0,1,1,0,Probe adjacent archived JSON/API routes; cached HTML appears to rely on JavaScript-injected metrics.
html_without_explicit_count,1,The Space Commando,http://www.kongregate.com/games/Eternal_Vanguard/the-space-commando,www.kongregate.com/games/eternal_vanguard/the-space-commando,1,1,0,yes,2017-08-17,2017-08-17,1,1,0,1,1,0,Probe adjacent archived JSON/API routes; cached HTML appears to rely on JavaScript-injected metrics.
html_without_explicit_count,1,Run Bird Run Online,http://www.kongregate.com/games/mafagames/run-bird-run-online,www.kongregate.com/games/mafagames/run-bird-run-online,1,1,0,yes,2017-08-25,2017-08-25,3,1,0,1,1,0,Probe adjacent archived JSON/API routes; cached HTML appears to rely on JavaScript-injected metrics.
html_without_explicit_count,1,LT-Breakout,http://www.kongregate.com/games/SandmanZA/lt-breakout,www.kongregate.com/games/sandmanza/lt-breakout,1,1,0,yes,2017-10-24,2017-10-24,1,55,0,22,11,11,Probe adjacent archived JSON/API routes; cached HTML appears to rely on JavaScript-injected metrics.
html_without_explicit_count,1,Surrounded,https://www.kongregate.com/games/JasonNumberXIII/surrounded,www.kongregate.com/games/jasonnumberxiii/surrounded,1,1,0,yes,2021-11-12,2021-11-12,2,7,0,7,3,4,Probe adjacent archived JSON/API routes; cached HTML appears to rely on JavaScript-injected metrics.
no_page_cdx_rows,1,Last Warrior,http://www.kongregate.com/games/sstudioss/last-warrior,www.kongregate.com/games/sstudioss/last-warrior,1,1,0,yes,2014-09-02,2014-09-02,5,0,0,0,0,0,Escalate to alternate count sources; checked page URL variants have no usable CDX rows.
no_page_cdx_rows,1,SpaceWarrior,http://www.kongregate.com/games/listenme02/spacewarrior,www.kongregate.com/games/listenme02/spacewarrior,1,1,0,yes,2014-09-12,2014-09-12,6,0,0,0,0,0,Escalate to alternate count sources; checked page URL variants have no usable CDX rows.
no_page_cdx_rows,1,The Funniest Game Ever,http://www.kongregate.com/games/Creeptasticman/the-funniest-game-ever,www.kongregate.com/games/creeptasticman/the-funniest-game-ever,1,1,0,yes,2014-10-24,2014-10-24,2,0,0,0,0,0,Escalate to alternate count sources; checked page URL variants have no usable CDX rows.
no_page_cdx_rows,1,The Saga Of The Wind Mobiles,http://www.kongregate.com/games/GhostTheFi/the-saga-of-the-wind-mobiles,www.kongregate.com/games/ghostthefi/the-saga-of-the-wind-mobiles,1,1,0,yes,2016-06-29,2016-06-29,2,0,0,0,0,0,Escalate to alternate count sources; checked page URL variants have no usable CDX rows.
no_page_cdx_rows,1,as3q32@gmail.com,http://www.kongregate.com/games/W3STS1DE/as3q32-gmail-com,www.kongregate.com/games/w3sts1de/as3q32-gmail-com,1,1,0,yes,2016-07-07,2016-07-07,1,0,0,0,0,0,Escalate to alternate count sources; checked page URL variants have no usable CDX rows.
no_page_cdx_rows,1,Zombie Derby 2,http://www.kongregate.com/games/brvasil/zombie-derby-2,www.kongregate.com/games/brvasil/zombie-derby-2,1,1,0,yes,2017-09-13,2017-09-13,1,0,0,0,0,0,Escalate to alternate count sources; checked page URL variants have no usable CDX rows.
no_page_cdx_rows,1,Football Legends 2016,http://www.kongregate.com/games/CoralCnora/football-legends-2016,www.kongregate.com/games/coralcnora/football-legends-2016,1,1,0,yes,2017-09-30,2017-09-30,2,0,0,0,0,0,Escalate to alternate count sources; checked page URL variants have no usable CDX rows.
html_without_explicit_count,1,Kns run,http://www.kongregate.com/games/hikkigamer/kns-run,www.kongregate.com/games/hikkigamer/kns-run,2,1,0,yes,2014-09-20,2014-09-20,1,4,0,4,3,1,Probe adjacent archived JSON/API routes; cached HTML appears to rely on JavaScript-injected metrics.
html_without_explicit_count,1,cuube,http://www.kongregate.com/games/dmarcy/cuube,www.kongregate.com/games/dmarcy/cuube,2,1,0,yes,2014-09-26,2014-09-26,2,1,0,1,1,0,Probe adjacent archived JSON/API routes; cached HTML appears to rely on JavaScript-injected metrics.
html_without_explicit_count,1,Nowere Safe 3,http://www.kongregate.com/games/LexZ1/nowere-safe-3,www.kongregate.com/games/lexz1/nowere-safe-3,2,1,0,yes,2014-10-29,2014-10-29,1,7,0,2,1,1,Probe adjacent archived JSON/API routes; cached HTML appears to rely on JavaScript-injected metrics.
html_without_explicit_count,1,Elsa And Anna Chinese Dress Up,http://www.kongregate.com/games/game4joy/elsa-and-anna-chinese-dress-up,www.kongregate.com/games/game4joy/elsa-and-anna-chinese-dress-up,2,1,0,yes,2015-04-01,2015-04-01,3,1,0,1,1,0,Probe adjacent archived JSON/API routes; cached HTML appears to rely on JavaScript-injected metrics.
html_without_explicit_count,1,changetype(),http://www.kongregate.com/games/inventor_123/changetype,www.kongregate.com/games/inventor_123/changetype,2,1,0,yes,2015-09-30,2015-09-30,1,1,0,1,1,0,Probe adjacent archived JSON/API routes; cached HTML appears to rely on JavaScript-injected metrics.
html_without_explicit_count,1,CountryBalls 4,http://www.kongregate.com/games/NicoleWatterson/countryballs-4,www.kongregate.com/games/nicolewatterson/countryballs-4,2,1,0,yes,2016-03-05,2016-03-05,3,4,0,2,1,1,Probe adjacent archived JSON/API routes; cached HTML appears to rely on JavaScript-injected metrics.
html_without_explicit_count,1,Mini Jumper,http://www.kongregate.com/games/mafagames/mini-jumper,www.kongregate.com/games/mafagames/mini-jumper,2,1,0,yes,2016-03-16,2016-03-16,2,1,0,1,1,0,Probe adjacent archived JSON/API routes; cached HTML appears to rely on JavaScript-injected metrics.
html_without_explicit_count,1,dat boi,http://www.kongregate.com/games/Regone/dat-boi,www.kongregate.com/games/regone/dat-boi,2,1,0,yes,2016-05-15,2016-05-15,2,18,0,2,2,0,Probe adjacent archived JSON/API routes; cached HTML appears to rely on JavaScript-injected metrics.
html_without_explicit_count,1,Aston Martin Hidden Wheels,http://www.kongregate.com/games/natalibt/aston-martin-hidden-wheels,www.kongregate.com/games/natalibt/aston-martin-hidden-wheels,2,1,0,yes,2016-05-24,2016-05-24,1,3,0,2,1,1,Probe adjacent archived JSON/API routes; cached HTML appears to rely on JavaScript-injected metrics.
html_without_explicit_count,1,Chevrolet Cruze Puzzle,http://www.kongregate.com/games/natalibt/chevrolet-cruze-puzzle,www.kongregate.com/games/natalibt/chevrolet-cruze-puzzle,2,1,0,yes,2016-10-10,2016-10-10,1,3,0,3,1,2,Probe adjacent archived JSON/API routes; cached HTML appears to rely on JavaScript-injected metrics.
html_without_explicit_count,1,Sky Knight,http://www.kongregate.com/games/mafagames/sky-knight,www.kongregate.com/games/mafagames/sky-knight,2,1,0,yes,2017-05-16,2017-05-16,3,1,0,1,1,0,Probe adjacent archived JSON/API routes; cached HTML appears to rely on JavaScript-injected metrics.
html_without_explicit_count,1,Horse Racing,http://www.kongregate.com/games/mafagames/horse-racing,www.kongregate.com/games/mafagames/horse-racing,2,1,0,yes,2017-05-26,2017-05-26,1,1,0,1,1,0,Probe adjacent archived JSON/API routes; cached HTML appears to rely on JavaScript-injected metrics.
html_without_explicit_count,1,Britney Spears vs Child Servisous,http://www.kongregate.com/games/thunderstorm38/britney-spears-vs-child-servisous,www.kongregate.com/games/thunderstorm38/britney-spears-vs-child-servisous,2,1,0,yes,2017-07-20,2017-07-20,1,1,0,1,1,0,Probe adjacent archived JSON/API routes; cached HTML appears to rely on JavaScript-injected metrics.
html_without_explicit_count,1,Cherrie New Spring Trends,http://www.kongregate.com/games/mafagames/cherrie-new-spring-trends,www.kongregate.com/games/mafagames/cherrie-new-spring-trends,2,1,0,yes,2017-08-25,2017-08-25,1,1,0,1,1,0,Probe adjacent archived JSON/API routes; cached HTML appears to rely on JavaScript-injected metrics.
no_page_cdx_rows,1,Talking Ginger Paw Caring,http://www.kongregate.com/games/wowsomegames/talking-ginger-paw-caring,www.kongregate.com/games/wowsomegames/talking-ginger-paw-caring,2,1,0,yes,2014-08-29,2014-08-29,3,0,0,0,0,0,Escalate to alternate count sources; checked page URL variants have no usable CDX rows.
no_page_cdx_rows,1,StormFall,http://www.kongregate.com/games/playman2/stormfall,www.kongregate.com/games/playman2/stormfall,2,1,0,yes,2014-09-05,2014-09-05,4,0,0,0,0,0,Escalate to alternate count sources; checked page URL variants have no usable CDX rows.
no_page_cdx_rows,1,Baby Talking Tom Bathing,http://www.kongregate.com/games/wowsomegames/baby-talking-tom-bathing,www.kongregate.com/games/wowsomegames/baby-talking-tom-bathing,2,1,0,yes,2014-09-12,2014-09-12,1,0,0,0,0,0,Escalate to alternate count sources; checked page URL variants have no usable CDX rows.
no_page_cdx_rows,1,Caralhinhos Voadores - Age Of Delicia,http://www.kongregate.com/games/maxwell06/caralhinhos-voadores-age-of-delicia,www.kongregate.com/games/maxwell06/caralhinhos-voadores-age-of-delicia,2,1,0,yes,2014-10-03,2014-10-03,2,0,0,0,0,0,Escalate to alternate count sources; checked page URL variants have no usable CDX rows.
no_page_cdx_rows,1,path of the wingman,http://www.kongregate.com/games/fckn/path-of-the-wingman,www.kongregate.com/games/fckn/path-of-the-wingman,2,1,0,yes,2014-10-24,2014-10-24,1,0,0,0,0,0,Escalate to alternate count sources; checked page URL variants have no usable CDX rows.
no_page_cdx_rows,1,Animator Vs Animation (BETA),http://www.kongregate.com/games/MyLittle1/animator-vs-animation-beta,www.kongregate.com/games/mylittle1/animator-vs-animation-beta,2,1,0,yes,2015-09-09,2015-09-09,1,0,0,0,0,0,Escalate to alternate count sources; checked page URL variants have no usable CDX rows.
no_page_cdx_rows,1,jhghj,http://www.kongregate.com/games/Ladybugluver/jhghj,www.kongregate.com/games/ladybugluver/jhghj,2,1,0,yes,2016-07-07,2016-07-07,2,0,0,0,0,0,Escalate to alternate count sources; checked page URL variants have no usable CDX rows.
no_page_cdx_rows,1,Dead Frontier,http://www.kongregate.com/games/PanRobercik/dead-frontier,www.kongregate.com/games/panrobercik/dead-frontier,2,1,0,yes,2016-08-05,2016-08-05,1,0,0,0,0,0,Escalate to alternate count sources; checked page URL variants have no usable CDX rows.
no_page_cdx_rows,1,Ballamos,http://www.kongregate.com/games/SherOnDale13/ballamos,www.kongregate.com/games/sherondale13/ballamos,2,1,0,yes,2016-09-23,2016-09-23,1,0,0,0,0,0,Escalate to alternate count sources; checked page URL variants have no usable CDX rows.
no_page_cdx_rows,1,Finger Spinner Online,http://www.kongregate.com/games/mafagames/finger-spinner-online,www.kongregate.com/games/mafagames/finger-spinner-online,2,1,0,yes,2017-06-16,2017-06-16,1,0,0,0,0,0,Escalate to alternate count sources; checked page URL variants have no usable CDX rows.
no_page_cdx_rows,1,Raze 3,http://www.kongregate.com/games/CoralCnora/raze-3,www.kongregate.com/games/coralcnora/raze-3,2,1,0,yes,2017-09-30,2017-09-30,3,0,0,0,0,0,Escalate to alternate count sources; checked page URL variants have no usable CDX rows.
html_without_explicit_count,1,Register Simulator,http://www.kongregate.com/games/cheffplayer2/register-simulator,www.kongregate.com/games/cheffplayer2/register-simulator,3,1,0,yes,2014-09-20,2014-09-20,1,1,0,1,1,0,Probe adjacent archived JSON/API routes; cached HTML appears to rely on JavaScript-injected metrics.
html_without_explicit_count,1,Pokemon Kill 4,http://www.kongregate.com/games/NigelBoydMartin/pokemon-kill-4,www.kongregate.com/games/nigelboydmartin/pokemon-kill-4,3,1,0,yes,2014-10-09,2014-10-09,1,5,0,2,2,0,Probe adjacent archived JSON/API routes; cached HTML appears to rely on JavaScript-injected metrics.
html_without_explicit_count,1,ATV Ride 2016,http://www.kongregate.com/games/rheyank/atv-ride-2016,www.kongregate.com/games/rheyank/atv-ride-2016,3,1,0,yes,2016-08-20,2016-08-20,2,1,0,1,1,0,Probe adjacent archived JSON/API routes; cached HTML appears to rely on JavaScript-injected metrics.
html_without_explicit_count,1,SUV Car Cartoon Puzzle,http://www.kongregate.com/games/natalibt/suv-car-cartoon-puzzle,www.kongregate.com/games/natalibt/suv-car-cartoon-puzzle,3,1,0,yes,2016-10-10,2016-10-10,1,3,0,3,3,0,Probe adjacent archived JSON/API routes; cached HTML appears to rely on JavaScript-injected metrics.
html_without_explicit_count,1,Boat Rush,http://www.kongregate.com/games/mafagames/boat-rush,www.kongregate.com/games/mafagames/boat-rush,3,1,0,yes,2017-05-16,2017-05-16,1,1,0,1,1,0,Probe adjacent archived JSON/API routes; cached HTML appears to rely on JavaScript-injected metrics.
html_without_explicit_count,1,Defense Math,http://www.kongregate.com/games/mafagames/defense-math,www.kongregate.com/games/mafagames/defense-math,3,1,0,yes,2017-06-16,2017-06-16,1,4,0,3,1,2,Probe adjacent archived JSON/API routes; cached HTML appears to rely on JavaScript-injected metrics.
html_without_explicit_count,1,as3 Shootorial #1,http://www.kongregate.com/games/Max_Raze/as3-shootorial-1,www.kongregate.com/games/max_raze/as3-shootorial-1,3,1,0,yes,2017-08-25,2017-08-25,1,1,0,1,1,0,Probe adjacent archived JSON/API routes; cached HTML appears to rely on JavaScript-injected metrics.
html_without_explicit_count,1,CBS:Escape from the Mall,http://www.kongregate.com/games/cFreak19/cbs-escape-from-the-mall,www.kongregate.com/games/cfreak19/cbs-escape-from-the-mall,3,1,0,yes,2021-11-12,2021-11-12,1,2,0,2,1,1,Probe adjacent archived JSON/API routes; cached HTML appears to rely on JavaScript-injected metrics.
no_page_cdx_rows,1,AstroLords,http://www.kongregate.com/games/rub_en02/astrolords,www.kongregate.com/games/rub_en02/astrolords,3,1,0,yes,2014-09-05,2014-09-05,1,0,0,0,0,0,Escalate to alternate count sources; checked page URL variants have no usable CDX rows.
no_page_cdx_rows,1,A Kongergate Special,http://www.kongregate.com/games/NickJ66/a-kongergate-special,www.kongregate.com/games/nickj66/a-kongergate-special,3,1,0,yes,2014-10-03,2014-10-03,1,0,0,0,0,0,Escalate to alternate count sources; checked page URL variants have no usable CDX rows.
no_page_cdx_rows,1,Session Key Viewer,http://www.kongregate.com/games/disposableernst/session-key-viewer,www.kongregate.com/games/disposableernst/session-key-viewer,3,1,0,yes,2015-09-15,2015-09-15,1,0,0,0,0,0,Escalate to alternate count sources; checked page URL variants have no usable CDX rows.
no_page_cdx_rows,1,Vape Naysh Vs The Memes Beta1,http://www.kongregate.com/games/Life_Glug/vape-naysh-vs-the-memes-beta1,www.kongregate.com/games/life_glug/vape-naysh-vs-the-memes-beta1,3,1,0,yes,2016-06-05,2016-06-05,2,0,0,0,0,0,Escalate to alternate count sources; checked page URL variants have no usable CDX rows.
no_page_cdx_rows,1,Dot Snap Battle,http://www.kongregate.com/games/odiusfly/dot-snap-battle,www.kongregate.com/games/odiusfly/dot-snap-battle,3,1,0,yes,2017-09-20,2017-09-20,2,0,0,0,0,0,Escalate to alternate count sources; checked page URL variants have no usable CDX rows.
html_without_explicit_count,1,Simple Platformer,http://www.kongregate.com/games/C00MZY/simple-platformer,www.kongregate.com/games/c00mzy/simple-platformer,4,1,0,yes,2014-11-11,2014-11-11,1,1,0,1,1,0,Probe adjacent archived JSON/API routes; cached HTML appears to rely on JavaScript-injected metrics.
html_without_explicit_count,1,Doom II: Hell on Earth,http://www.kongregate.com/games/predbannik/doom-ii-hell-on-earth,www.kongregate.com/games/predbannik/doom-ii-hell-on-earth,4,1,0,yes,2015-09-09,2015-09-09,2,3,0,3,3,0,Probe adjacent archived JSON/API routes; cached HTML appears to rely on JavaScript-injected metrics.
html_without_explicit_count,1,DoodiaMan Find Wife,http://www.kongregate.com/games/feicaigames/doodiaman-find-wife,www.kongregate.com/games/feicaigames/doodiaman-find-wife,4,1,0,yes,2016-01-02,2016-01-02,2,1,0,1,1,0,Probe adjacent archived JSON/API routes; cached HTML appears to rely on JavaScript-injected metrics.
html_without_explicit_count,1,1p.Story: Death,http://www.kongregate.com/games/isketchworks/1p-story-death,www.kongregate.com/games/isketchworks/1p-story-death,4,1,0,yes,2016-03-16,2016-03-16,1,1,0,1,1,0,Probe adjacent archived JSON/API routes; cached HTML appears to rely on JavaScript-injected metrics.
html_without_explicit_count,1,BMW M5 E34,http://www.kongregate.com/games/natalibt/bmw-m5-e34,www.kongregate.com/games/natalibt/bmw-m5-e34,4,1,0,yes,2016-05-06,2016-05-06,1,6,0,3,1,2,Probe adjacent archived JSON/API routes; cached HTML appears to rely on JavaScript-injected metrics.
html_without_explicit_count,1,Super Mario Worlds Ep.1: The Dark World (SMB Fan-made Game),http://www.kongregate.com/games/yvolcano4/super-mario-worlds-ep-1-the-dark-world-smb-fan-made-game,www.kongregate.com/games/yvolcano4/super-mario-worlds-ep-1-the-dark-world-smb-fan-made-game,4,1,0,yes,2016-09-23,2016-09-23,1,1,0,1,1,0,Probe adjacent archived JSON/API routes; cached HTML appears to rely on JavaScript-injected metrics.
html_without_explicit_count,1,Mr.Miner,http://www.kongregate.com/games/LinhVo1611/mr-miner,www.kongregate.com/games/linhvo1611/mr-miner,4,1,0,yes,2017-05-16,2017-05-16,1,5,0,4,4,0,Probe adjacent archived JSON/API routes; cached HTML appears to rely on JavaScript-injected metrics.
html_without_explicit_count,1,Kung Fu Adventure,http://www.kongregate.com/games/thunderstorm38/kung-fu-adventure,www.kongregate.com/games/thunderstorm38/kung-fu-adventure,4,1,0,yes,2017-07-28,2017-07-28,1,5,0,1,1,0,Probe adjacent archived JSON/API routes; cached HTML appears to rely on JavaScript-injected metrics.
no_page_cdx_rows,1,Rise of Mythos,http://www.kongregate.com/games/evrybody_02/rise-of-mythos,www.kongregate.com/games/evrybody_02/rise-of-mythos,4,1,0,yes,2014-09-19,2014-09-19,1,0,0,0,0,0,Escalate to alternate count sources; checked page URL variants have no usable CDX rows.
no_page_cdx_rows,1,Balls Vs Blocks Online,http://www.kongregate.com/games/mafagames/balls-vs-blocks-online,www.kongregate.com/games/mafagames/balls-vs-blocks-online,4,1,0,yes,2017-06-16,2017-06-16,2,0,0,0,0,0,Escalate to alternate count sources; checked page URL variants have no usable CDX rows.
html_without_explicit_count,1,My Line Of Sight attempt from Construct 2,http://www.kongregate.com/games/LeBanging/my-line-of-sight-attempt-from-construct-2,www.kongregate.com/games/lebanging/my-line-of-sight-attempt-from-construct-2,5,1,0,yes,2014-09-26,2014-09-26,2,3,0,3,3,0,Probe adjacent archived JSON/API routes; cached HTML appears to rely on JavaScript-injected metrics.
html_without_explicit_count,1,Burnt Plate,http://www.kongregate.com/games/Courador/burnt-plate,www.kongregate.com/games/courador/burnt-plate,5,1,0,yes,2014-10-04,2014-10-04,1,5,0,5,1,4,Probe adjacent archived JSON/API routes; cached HTML appears to rely on JavaScript-injected metrics.
html_without_explicit_count,1,Whitewash,http://www.kongregate.com/games/GraveDangerGames/whitewash,www.kongregate.com/games/gravedangergames/whitewash,5,1,0,yes,2016-02-02,2016-02-02,1,7,0,3,3,0,Probe adjacent archived JSON/API routes; cached HTML appears to rely on JavaScript-injected metrics.
html_without_explicit_count,1,Create your face with this stupid game,http://www.kongregate.com/games/danwon67/create-your-face-with-this-stupid-game,www.kongregate.com/games/danwon67/create-your-face-with-this-stupid-game,5,1,0,yes,2016-07-27,2016-07-27,1,1,0,1,1,0,Probe adjacent archived JSON/API routes; cached HTML appears to rely on JavaScript-injected metrics.
html_without_explicit_count,1,Viking Workout,http://www.kongregate.com/games/mobilTR/viking-workout,www.kongregate.com/games/mobiltr/viking-workout,5,1,0,yes,2017-11-06,2017-11-06,2,2,0,2,2,0,Probe adjacent archived JSON/API routes; cached HTML appears to rely on JavaScript-injected metrics.
no_page_cdx_rows,1,E-Sim,http://www.kongregate.com/games/evrybody_02/e-sim,www.kongregate.com/games/evrybody_02/e-sim,5,1,0,yes,2014-09-19,2014-09-19,1,0,0,0,0,0,Escalate to alternate count sources; checked page URL variants have no usable CDX rows.
no_page_cdx_rows,1,I'ts a lamp?,http://www.kongregate.com/games/EdoByte/its-a-lamp,www.kongregate.com/games/edobyte/its-a-lamp,5,1,0,yes,2014-10-29,2014-10-29,1,0,0,0,0,0,Escalate to alternate count sources; checked page URL variants have no usable CDX rows.
no_page_cdx_rows,1,Una Chief: The Great Adventure,http://www.kongregate.com/games/UCEG/una-chief-the-great-adventure,www.kongregate.com/games/uceg/una-chief-the-great-adventure,5,1,0,yes,2014-12-17,2014-12-17,1,0,0,0,0,0,Escalate to alternate count sources; checked page URL variants have no usable CDX rows.
no_page_cdx_rows,1,Spacebar v0.1,http://www.kongregate.com/games/SidBiafra/spacebar-v0-1,www.kongregate.com/games/sidbiafra/spacebar-v0-1,5,1,0,yes,2015-12-05,2015-12-05,1,0,0,0,0,0,Escalate to alternate count sources; checked page URL variants have no usable CDX rows.
no_page_cdx_rows,1,idk,http://www.kongregate.com/games/dakota1324/idk,www.kongregate.com/games/dakota1324/idk,5,1,0,yes,2016-02-17,2016-02-17,1,0,0,0,0,0,Escalate to alternate count sources; checked page URL variants have no usable CDX rows.
no_page_cdx_rows,1,Super Casual,http://www.kongregate.com/games/canvasgames/super-casual,www.kongregate.com/games/canvasgames/super-casual,5,1,0,yes,2016-03-16,2016-03-16,2,0,0,0,0,0,Escalate to alternate count sources; checked page URL variants have no usable CDX rows.
no_page_cdx_rows,1,Ghoul be Gone Demo,http://www.kongregate.com/games/PhoenixSong75/ghoul-be-gone-demo,www.kongregate.com/games/phoenixsong75/ghoul-be-gone-demo,5,1,0,yes,2016-03-20,2016-03-20,2,0,0,0,0,0,Escalate to alternate count sources; checked page URL variants have no usable CDX rows.
no_page_cdx_rows,1,UFC 198 Live Stream - Werdum vs Miocic,http://www.kongregate.com/games/ketroketro/test-ufc-198-live-stream-werdum-vs-miocic,www.kongregate.com/games/ketroketro/test-ufc-198-live-stream-werdum-vs-miocic,5,1,0,yes,2016-05-15,2016-05-15,1,0,0,0,0,0,Escalate to alternate count sources; checked page URL variants have no usable CDX rows.
no_page_cdx_rows,1,quangjing,http://www.kongregate.com/games/1207732597/quangjing,www.kongregate.com/games/1207732597/quangjing,5,1,0,yes,2016-06-22,2016-06-22,1,0,0,0,0,0,Escalate to alternate count sources; checked page URL variants have no usable CDX rows.
no_page_cdx_rows,1,Hired Ops — New Dynamic Online Shooter,http://www.kongregate.com/games/MunimShaikh932/hired-ops-new-dynamic-online-shooter,www.kongregate.com/games/munimshaikh932/hired-ops-new-dynamic-online-shooter,5,1,0,yes,2016-10-30,2016-10-30,2,0,0,0,0,0,Escalate to alternate count sources; checked page URL variants have no usable CDX rows.
html_without_explicit_count,1,RPgTest,http://www.kongregate.com/games/Nicolo974jtm34/rpgtest,www.kongregate.com/games/nicolo974jtm34/rpgtest,6,2,0,yes,2014-10-03,2014-10-04,6,2,0,2,2,0,Probe adjacent archived JSON/API routes; cached HTML appears to rely on JavaScript-injected metrics.
html_without_explicit_count,1,Peppa Zoo Decor,http://www.kongregate.com/games/lemonindieg/peppa-zoo-decor,www.kongregate.com/games/lemonindieg/peppa-zoo-decor,6,1,0,yes,2014-10-13,2014-10-13,1,1,0,1,1,0,Probe adjacent archived JSON/API routes; cached HTML appears to rely on JavaScript-injected metrics.
html_without_explicit_count,1,Mining Truck,http://www.kongregate.com/games/xiatiandaole/mining-truck,www.kongregate.com/games/xiatiandaole/mining-truck,6,2,0,yes,2014-10-17,2014-10-18,6,2,0,2,2,0,Probe adjacent archived JSON/API routes; cached HTML appears to rely on JavaScript-injected metrics.
html_without_explicit_count,1,Bubble Shooter Rotation Xmas,http://www.kongregate.com/games/omkara/bubble-shooter-rotation-xmas,www.kongregate.com/games/omkara/bubble-shooter-rotation-xmas,6,1,0,yes,2015-12-18,2015-12-18,1,8,0,8,8,0,Probe adjacent archived JSON/API routes; cached HTML appears to rely on JavaScript-injected metrics.
html_without_explicit_count,1,The Super Casual Game,http://www.kongregate.com/games/esaffer/the-super-casual-game,www.kongregate.com/games/esaffer/the-super-casual-game,6,1,0,yes,2016-03-16,2016-03-16,1,1,0,1,1,0,Probe adjacent archived JSON/API routes; cached HTML appears to rely on JavaScript-injected metrics.
html_without_explicit_count,1,EndGame,http://www.kongregate.com/games/SnowdonGames/endgame,www.kongregate.com/games/snowdongames/endgame,6,1,0,yes,2016-07-27,2016-07-27,1,4,0,2,2,0,Probe adjacent archived JSON/API routes; cached HTML appears to rely on JavaScript-injected metrics.
html_without_explicit_count,1,American Cars Memory,http://www.kongregate.com/games/natalibt/american-cars-memory,www.kongregate.com/games/natalibt/american-cars-memory,6,1,0,yes,2017-05-25,2017-05-25,1,1,0,1,1,0,Probe adjacent archived JSON/API routes; cached HTML appears to rely on JavaScript-injected metrics.
html_without_explicit_count,1,Naruto Suspend,http://www.kongregate.com/games/thunderstorm38/naruto-suspend,www.kongregate.com/games/thunderstorm38/naruto-suspend,6,1,0,yes,2017-07-28,2017-07-28,2,1,0,1,1,0,Probe adjacent archived JSON/API routes; cached HTML appears to rely on JavaScript-injected metrics.
html_without_explicit_count,1,Seasonal Farming,http://www.kongregate.com/games/phacanu/seasonal-farming,www.kongregate.com/games/phacanu/seasonal-farming,6,1,0,yes,2017-08-25,2017-08-25,1,4,0,3,3,0,Probe adjacent archived JSON/API routes; cached HTML appears to rely on JavaScript-injected metrics.
html_without_explicit_count,1,Blocky Warrior,http://www.kongregate.com/games/mobilTR/blocky-warrior,www.kongregate.com/games/mobiltr/blocky-warrior,6,1,0,yes,2017-11-06,2017-11-06,1,1,0,1,1,0,Probe adjacent archived JSON/API routes; cached HTML appears to rely on JavaScript-injected metrics.
no_page_cdx_rows,1,AstroWorlds,http://www.kongregate.com/games/bystudio02/astroworlds,www.kongregate.com/games/bystudio02/astroworlds,6,1,0,yes,2014-08-29,2014-08-29,2,0,0,0,0,0,Escalate to alternate count sources; checked page URL variants have no usable CDX rows.
no_page_cdx_rows,1,Teste mark 2,http://www.kongregate.com/games/MateusF29/teste-mark-2,www.kongregate.com/games/mateusf29/teste-mark-2,6,1,0,yes,2015-09-30,2015-09-30,1,0,0,0,0,0,Escalate to alternate count sources; checked page URL variants have no usable CDX rows.
no_page_cdx_rows,1,quang,http://www.kongregate.com/games/1207732597/quang,www.kongregate.com/games/1207732597/quang,6,1,0,yes,2016-06-22,2016-06-22,2,0,0,0,0,0,Escalate to alternate count sources; checked page URL variants have no usable CDX rows.
no_page_cdx_rows,1,Will's Quest For Cheese,http://www.kongregate.com/games/thebartyparty/wills-quest-for-cheese,www.kongregate.com/games/thebartyparty/wills-quest-for-cheese,6,1,0,yes,2016-10-18,2016-10-18,2,0,0,0,0,0,Escalate to alternate count sources; checked page URL variants have no usable CDX rows.
no_page_cdx_rows,1,Kuzini.comgnom,http://www.kongregate.com/games/iPTNZW/kuzini-comgnom,www.kongregate.com/games/iptnzw/kuzini-comgnom,6,1,0,yes,2016-10-24,2016-10-24,2,0,0,0,0,0,Escalate to alternate count sources; checked page URL variants have no usable CDX rows.
no_page_cdx_rows,1,Extreme Battlefield,http://www.kongregate.com/games/thunderstorm38/extreme-battlefield,www.kongregate.com/games/thunderstorm38/extreme-battlefield,6,1,0,yes,2017-07-29,2017-07-29,2,0,0,0,0,0,Escalate to alternate count sources; checked page URL variants have no usable CDX rows.
html_without_explicit_count,1,Right Box,http://www.kongregate.com/games/mafagames/right-box,www.kongregate.com/games/mafagames/right-box,7,1,0,yes,2017-06-16,2017-06-16,2,1,0,1,1,0,Probe adjacent archived JSON/API routes; cached HTML appears to rely on JavaScript-injected metrics.
html_without_explicit_count,1,Ball In The Cup,http://www.kongregate.com/games/mafagames/ball-in-the-cup,www.kongregate.com/games/mafagames/ball-in-the-cup,7,1,0,yes,2017-07-12,2017-07-12,1,1,0,1,1,0,Probe adjacent archived JSON/API routes; cached HTML appears to rely on JavaScript-injected metrics.
html_without_explicit_count,1,Litter Monkey,http://www.kongregate.com/games/thunderstorm38/litter-monkey,www.kongregate.com/games/thunderstorm38/litter-monkey,7,1,0,yes,2017-07-28,2017-07-28,2,1,0,1,1,0,Probe adjacent archived JSON/API routes; cached HTML appears to rely on JavaScript-injected metrics.
html_without_explicit_count,1,Cloaked,http://www.kongregate.com/games/yvolcano4/cloaked,www.kongregate.com/games/yvolcano4/cloaked,7,1,0,yes,2017-08-11,2017-08-11,1,2,0,2,2,0,Probe adjacent archived JSON/API routes; cached HTML appears to rely on JavaScript-injected metrics.
html_without_explicit_count,1,Dragon Dash,http://www.kongregate.com/games/mobilTR/dragon-dash,www.kongregate.com/games/mobiltr/dragon-dash,7,1,0,yes,2017-11-06,2017-11-06,2,1,0,1,1,0,Probe adjacent archived JSON/API routes; cached HTML appears to rely on JavaScript-injected metrics.
no_page_cdx_rows,1,Hummer Puzzle,http://www.kongregate.com/games/natalibt/hummer-puzzle,www.kongregate.com/games/natalibt/hummer-puzzle,7,1,0,yes,2014-12-10,2014-12-10,1,0,0,0,0,0,Escalate to alternate count sources; checked page URL variants have no usable CDX rows.
no_page_cdx_rows,1,Sands of Doom,http://www.kongregate.com/games/szunyi/sands-of-doom,www.kongregate.com/games/szunyi/sands-of-doom,7,1,0,yes,2014-12-28,2014-12-28,2,0,0,0,0,0,Escalate to alternate count sources; checked page URL variants have no usable CDX rows.
no_page_cdx_rows,1,Teste1,http://www.kongregate.com/games/MateusF29/teste1,www.kongregate.com/games/mateusf29/teste1,7,1,0,yes,2015-09-30,2015-09-30,1,0,0,0,0,0,Escalate to alternate count sources; checked page URL variants have no usable CDX rows.
no_page_cdx_rows,1,FidgetFuck,http://www.kongregate.com/games/FlyingHighSecond/fidgetfuck,www.kongregate.com/games/flyinghighsecond/fidgetfuck,7,1,0,yes,2017-06-04,2017-06-04,2,0,0,0,0,0,Escalate to alternate count sources; checked page URL variants have no usable CDX rows.
no_page_cdx_rows,1,Treasure Hunt,http://www.kongregate.com/games/thunderstorm38/treasure-hunt,www.kongregate.com/games/thunderstorm38/treasure-hunt,7,1,0,yes,2017-07-29,2017-07-29,1,0,0,0,0,0,Escalate to alternate count sources; checked page URL variants have no usable CDX rows.
html_without_explicit_count,1,Baby Talking Tom Great Makeover,http://www.kongregate.com/games/wowsomegames/baby-talking-tom-great-makeover,www.kongregate.com/games/wowsomegames/baby-talking-tom-great-makeover,8,1,0,yes,2014-10-10,2014-10-10,2,2,0,2,2,0,Probe adjacent archived JSON/API routes; cached HTML appears to rely on JavaScript-injected metrics.
html_without_explicit_count,1,Super Mario Puzzle,http://www.kongregate.com/games/natalibt/super-mario-puzzle,www.kongregate.com/games/natalibt/super-mario-puzzle,8,1,0,yes,2014-10-13,2014-10-13,1,3,0,2,2,0,Probe adjacent archived JSON/API routes; cached HTML appears to rely on JavaScript-injected metrics.
html_without_explicit_count,1,Wolfenstein 3D,http://www.kongregate.com/games/PaulHTML5/wolfenstein-3d,www.kongregate.com/games/paulhtml5/wolfenstein-3d,8,1,0,yes,2015-09-03,2015-09-03,1,2,0,2,1,1,Probe adjacent archived JSON/API routes; cached HTML appears to rely on JavaScript-injected metrics.
html_without_explicit_count,1,Love Story,http://www.kongregate.com/games/gamesrishti/love-story,www.kongregate.com/games/gamesrishti/love-story,8,1,0,yes,2015-09-09,2015-09-09,1,7,0,3,1,2,Probe adjacent archived JSON/API routes; cached HTML appears to rely on JavaScript-injected metrics.
html_without_explicit_count,1,Minifield,http://www.kongregate.com/games/JasonNumberXIII/minifield,www.kongregate.com/games/jasonnumberxiii/minifield,8,1,0,yes,2017-06-25,2017-06-25,1,6,0,3,3,0,Probe adjacent archived JSON/API routes; cached HTML appears to rely on JavaScript-injected metrics.
html_without_explicit_count,1,Mighty Motors - Drag Racing,http://www.kongregate.com/games/mobilTR/mighty-motors-drag-racing,www.kongregate.com/games/mobiltr/mighty-motors-drag-racing,8,1,0,yes,2017-11-06,2017-11-06,2,1,0,1,1,0,Probe adjacent archived JSON/API routes; cached HTML appears to rely on JavaScript-injected metrics.
no_page_cdx_rows,1,Samsung KNOX,http://www.kongregate.com/games/CS_Dx/samsung-knox,www.kongregate.com/games/cs_dx/samsung-knox,8,1,0,yes,2014-08-29,2014-08-29,2,0,0,0,0,0,Escalate to alternate count sources; checked page URL variants have no usable CDX rows.
no_page_cdx_rows,1,Terrorist Hunt,http://www.kongregate.com/games/szunyi/terrorist-hunt,www.kongregate.com/games/szunyi/terrorist-hunt,8,1,0,yes,2014-12-28,2014-12-28,2,0,0,0,0,0,Escalate to alternate count sources; checked page URL variants have no usable CDX rows.
no_page_cdx_rows,1,Jogo Machão,http://www.kongregate.com/games/Beetle1/jogo-mach-o,www.kongregate.com/games/beetle1/jogo-mach-o,8,1,0,yes,2015-09-30,2015-09-30,2,0,0,0,0,0,Escalate to alternate count sources; checked page URL variants have no usable CDX rows.
no_page_cdx_rows,1,Untitled Game #1,http://www.kongregate.com/games/vswitch/untitled-game-1,www.kongregate.com/games/vswitch/untitled-game-1,8,1,0,yes,2016-01-16,2016-01-16,1,0,0,0,0,0,Escalate to alternate count sources; checked page URL variants have no usable CDX rows.
no_page_cdx_rows,1,Honey Clicker,https://www.kongregate.com/games/RedBot360/honey-clicker,www.kongregate.com/games/redbot360/honey-clicker,8,1,0,yes,2019-08-25,2019-08-25,1,0,0,0,0,0,Escalate to alternate count sources; checked page URL variants have no usable CDX rows.
html_without_explicit_count,1,Costanza Cube 2,http://www.kongregate.com/games/dmarcy/costanza-cube-2,www.kongregate.com/games/dmarcy/costanza-cube-2,9,1,0,yes,2014-09-26,2014-09-26,1,1,0,1,1,0,Probe adjacent archived JSON/API routes; cached HTML appears to rely on JavaScript-injected metrics.
html_without_explicit_count,1,Coding Masters: Idle,http://www.kongregate.com/games/JGGsGames/coding-masters-idle,www.kongregate.com/games/jggsgames/coding-masters-idle,9,1,0,yes,2016-08-13,2016-08-13,2,6,0,3,2,1,Probe adjacent archived JSON/API routes; cached HTML appears to rely on JavaScript-injected metrics.
html_without_explicit_count,1,Plutonium quest,http://www.kongregate.com/games/arielroler/plutonium-quest,www.kongregate.com/games/arielroler/plutonium-quest,9,1,0,yes,2016-10-30,2016-10-30,2,1,0,1,1,0,Probe adjacent archived JSON/API routes; cached HTML appears to rely on JavaScript-injected metrics.
html_without_explicit_count,1,Plumber,http://www.kongregate.com/games/mafagames/plumber,www.kongregate.com/games/mafagames/plumber,9,1,0,yes,2017-07-12,2017-07-12,1,1,0,1,1,0,Probe adjacent archived JSON/API routes; cached HTML appears to rely on JavaScript-injected metrics.
html_without_explicit_count,1,Spongebob Zombies Party,http://www.kongregate.com/games/feicaigames/spongebob-zombies-party,www.kongregate.com/games/feicaigames/spongebob-zombies-party,9,1,0,yes,2017-08-17,2017-08-17,1,2,0,2,1,1,Probe adjacent archived JSON/API routes; cached HTML appears to rely on JavaScript-injected metrics.
no_page_cdx_rows,1,Marketglory,http://www.kongregate.com/games/breakdo/marketglory,www.kongregate.com/games/breakdo/marketglory,9,1,0,yes,2014-09-02,2014-09-02,1,0,0,0,0,0,Escalate to alternate count sources; checked page URL variants have no usable CDX rows.
no_page_cdx_rows,1,space mision alpha v1.0 3D,http://www.kongregate.com/games/fckn/space-mision-alpha-v1-0-3d,www.kongregate.com/games/fckn/space-mision-alpha-v1-0-3d,9,1,0,yes,2014-10-09,2014-10-09,2,0,0,0,0,0,Escalate to alternate count sources; checked page URL variants have no usable CDX rows.
no_page_cdx_rows,1,Clear Vision 3,http://www.kongregate.com/games/szunyi/clear-vision-3,www.kongregate.com/games/szunyi/clear-vision-3,9,1,0,yes,2014-12-28,2014-12-28,2,0,0,0,0,0,Escalate to alternate count sources; checked page URL variants have no usable CDX rows.
no_page_cdx_rows,1,The stupid Quiz,http://www.kongregate.com/games/Deheeteapple/the-stupid-quiz,www.kongregate.com/games/deheeteapple/the-stupid-quiz,9,1,0,yes,2016-01-16,2016-01-16,2,0,0,0,0,0,Escalate to alternate count sources; checked page URL variants have no usable CDX rows.
no_page_cdx_rows,1,Monster Shooter,http://www.kongregate.com/games/asad_marmash/monster-shooter,www.kongregate.com/games/asad_marmash/monster-shooter,9,1,0,yes,2016-02-17,2016-02-17,1,0,0,0,0,0,Escalate to alternate count sources; checked page URL variants have no usable CDX rows.
no_page_cdx_rows,1,Suns and Clouds,http://www.kongregate.com/games/LocoDiamond/suns-and-clouds,www.kongregate.com/games/locodiamond/suns-and-clouds,9,1,0,yes,2016-06-29,2016-06-29,2,0,0,0,0,0,Escalate to alternate count sources; checked page URL variants have no usable CDX rows.
no_page_cdx_rows,1,Flying Bird,http://www.kongregate.com/games/sherazbhatti226/flying-bird,www.kongregate.com/games/sherazbhatti226/flying-bird,9,1,0,yes,2017-07-29,2017-07-29,1,0,0,0,0,0,Escalate to alternate count sources; checked page URL variants have no usable CDX rows.
html_without_explicit_count,1,Oldschool tennis (pre-pre-BETA!),http://www.kongregate.com/games/ManCave_Studios/oldschool-tennis-pre-pre-beta,www.kongregate.com/games/mancave_studios/oldschool-tennis-pre-pre-beta,10,1,0,yes,2014-10-09,2014-10-09,1,1,0,1,1,0,Probe adjacent archived JSON/API routes; cached HTML appears to rely on JavaScript-injected metrics.
html_without_explicit_count,1,Fiat Police Puzzle,http://www.kongregate.com/games/natalibt/fiat-police-puzzle,www.kongregate.com/games/natalibt/fiat-police-puzzle,10,1,0,yes,2015-09-15,2015-09-15,2,1,0,1,1,0,Probe adjacent archived JSON/API routes; cached HTML appears to rely on JavaScript-injected metrics.
html_without_explicit_count,1,Cadillac Police Puzzle,http://www.kongregate.com/games/natalibt/cadillac-police-puzzle,www.kongregate.com/games/natalibt/cadillac-police-puzzle,10,1,0,yes,2015-09-23,2015-09-23,2,2,0,2,1,1,Probe adjacent archived JSON/API routes; cached HTML appears to rely on JavaScript-injected metrics.
html_without_explicit_count,1,AU Modern FPS,http://www.kongregate.com/games/OneManArmy3D/au-modern-fps,www.kongregate.com/games/onemanarmy3d/au-modern-fps,10,1,0,yes,2016-01-25,2016-01-25,2,10,0,3,3,0,Probe adjacent archived JSON/API routes; cached HTML appears to rely on JavaScript-injected metrics.
html_without_explicit_count,1,GeneSplicer: Hybrid Creator,http://www.kongregate.com/games/yvolcano4/genesplicer-hybrid-creator,www.kongregate.com/games/yvolcano4/genesplicer-hybrid-creator,10,1,0,yes,2016-03-20,2016-03-20,1,19,0,1,1,0,Probe adjacent archived JSON/API routes; cached HTML appears to rely on JavaScript-injected metrics.
html_without_explicit_count,1,The Last Defence 2,http://www.kongregate.com/games/siddharth1281998/the-last-defence-2,www.kongregate.com/games/siddharth1281998/the-last-defence-2,10,1,0,yes,2016-06-13,2016-06-13,2,4,0,4,4,0,Probe adjacent archived JSON/API routes; cached HTML appears to rely on JavaScript-injected metrics.
html_without_explicit_count,1,Phantom Reverse Episode 2,http://www.kongregate.com/games/JackAstral/phantom-reverse-episode-2,www.kongregate.com/games/jackastral/phantom-reverse-episode-2,10,1,0,yes,2017-05-26,2017-05-26,1,1,0,1,1,0,Probe adjacent archived JSON/API routes; cached HTML appears to rely on JavaScript-injected metrics.
html_without_explicit_count,1,Fidget Spinner Bros,http://www.kongregate.com/games/mafagames/fidget-spinner-bros,www.kongregate.com/games/mafagames/fidget-spinner-bros,10,1,0,yes,2017-07-12,2017-07-12,2,6,0,3,1,2,Probe adjacent archived JSON/API routes; cached HTML appears to rely on JavaScript-injected metrics.
html_without_explicit_count,1,Volkswagen Golf 2,http://www.kongregate.com/games/natalibt/volkswagen-golf-2,www.kongregate.com/games/natalibt/volkswagen-golf-2,10,1,0,yes,2017-09-20,2017-09-20,1,3,0,3,3,0,Probe adjacent archived JSON/API routes; cached HTML appears to rely on JavaScript-injected metrics.
no_page_cdx_rows,1,Terrorist Shootout,http://www.kongregate.com/games/gamesrishti/terrorist-shootout,www.kongregate.com/games/gamesrishti/terrorist-shootout,10,1,0,yes,2014-10-10,2014-10-10,2,0,0,0,0,0,Escalate to alternate count sources; checked page URL variants have no usable CDX rows.
no_page_cdx_rows,1,Moto Rush,http://www.kongregate.com/games/szunyi/moto-rush,www.kongregate.com/games/szunyi/moto-rush,10,1,0,yes,2014-12-28,2014-12-28,1,0,0,0,0,0,Escalate to alternate count sources; checked page URL variants have no usable CDX rows.
no_page_cdx_rows,1,stupid quiz,http://www.kongregate.com/games/deheeteappel/stupid-quiz,www.kongregate.com/games/deheeteappel/stupid-quiz,10,1,0,yes,2016-01-16,2016-01-16,1,0,0,0,0,0,Escalate to alternate count sources; checked page URL variants have no usable CDX rows.
no_page_cdx_rows,1,The Saga Of The Wind,http://www.kongregate.com/games/GhostTheFi/the-saga-of-the-wind,www.kongregate.com/games/ghostthefi/the-saga-of-the-wind,10,1,0,yes,2016-06-29,2016-06-29,1,0,0,0,0,0,Escalate to alternate count sources; checked page URL variants have no usable CDX rows.
no_page_cdx_rows,1,Fidget Clicker,http://www.kongregate.com/games/Tatemartin/fidget-clicker,www.kongregate.com/games/tatemartin/fidget-clicker,10,1,0,yes,2017-06-04,2017-06-04,2,0,0,0,0,0,Escalate to alternate count sources; checked page URL variants have no usable CDX rows.
no_page_cdx_rows,1,Kaedemus,http://www.kongregate.com/games/Mirakus/kaedemus,www.kongregate.com/games/mirakus/kaedemus,10,1,0,yes,2017-10-08,2017-10-08,2,0,0,0,0,0,Escalate to alternate count sources; checked page URL variants have no usable CDX rows.
no_page_cdx_rows,1,Castles N' Knights,https://www.kongregate.com/games/RedBot360/castles-n-knights,www.kongregate.com/games/redbot360/castles-n-knights,10,1,0,yes,2019-08-25,2019-08-25,1,0,0,0,0,0,Escalate to alternate count sources; checked page URL variants have no usable CDX rows.
html_without_explicit_count,1,Swimwear Store,http://www.kongregate.com/games/games2girls/swimwear-store,www.kongregate.com/games/games2girls/swimwear-store,11,2,0,yes,2014-09-19,2014-09-19,6,1,0,1,1,0,Probe adjacent archived JSON/API routes; cached HTML appears to rely on JavaScript-injected metrics.
html_without_explicit_count,1,Stalked Incubus,http://www.kongregate.com/games/HendrikSchiffer/stalked-incubus,www.kongregate.com/games/hendrikschiffer/stalked-incubus,11,1,0,yes,2014-10-17,2014-10-17,1,3,0,3,3,0,Probe adjacent archived JSON/API routes; cached HTML appears to rely on JavaScript-injected metrics.
html_without_explicit_count,1,100 tons of Coal,http://www.kongregate.com/games/Palazoles/100-tons-of-coal,www.kongregate.com/games/palazoles/100-tons-of-coal,11,1,0,yes,2015-09-15,2015-09-15,2,2,0,2,2,0,Probe adjacent archived JSON/API routes; cached HTML appears to rely on JavaScript-injected metrics.
html_without_explicit_count,1,Color Switch,http://www.kongregate.com/games/OneOnlineGames/color-switch,www.kongregate.com/games/oneonlinegames/color-switch,11,1,0,yes,2016-02-17,2016-02-17,2,3,0,3,3,0,Probe adjacent archived JSON/API routes; cached HTML appears to rely on JavaScript-injected metrics.
html_without_explicit_count,1,Ford Hidden Car Tires,http://www.kongregate.com/games/natalibt/ford-hidden-car-tires,www.kongregate.com/games/natalibt/ford-hidden-car-tires,11,1,0,yes,2016-07-14,2016-07-14,2,6,0,3,3,0,Probe adjacent archived JSON/API routes; cached HTML appears to rely on JavaScript-injected metrics.
html_without_explicit_count,1,Heroes of Myths,http://www.kongregate.com/games/robbert4/heroes-of-myths,www.kongregate.com/games/robbert4/heroes-of-myths,11,1,0,yes,2017-05-05,2017-05-05,1,7,0,3,3,0,Probe adjacent archived JSON/API routes; cached HTML appears to rely on JavaScript-injected metrics.
html_without_explicit_count,1,Plants vs. Zombies: Apocalypse,http://www.kongregate.com/games/jonthegreat711/plants-vs-zombies-apocalypse,www.kongregate.com/games/jonthegreat711/plants-vs-zombies-apocalypse,11,1,0,yes,2017-07-12,2017-07-12,2,3,0,3,3,0,Probe adjacent archived JSON/API routes; cached HTML appears to rely on JavaScript-injected metrics.
no_page_cdx_rows,1,StrormFall,http://www.kongregate.com/games/havetime02/strormfall,www.kongregate.com/games/havetime02/strormfall,11,1,0,yes,2014-09-02,2014-09-02,2,0,0,0,0,0,Escalate to alternate count sources; checked page URL variants have no usable CDX rows.
no_page_cdx_rows,1,Jaguar Puzzle,http://www.kongregate.com/games/natalibt/jaguar-puzzle,www.kongregate.com/games/natalibt/jaguar-puzzle,11,1,0,yes,2014-12-17,2014-12-17,1,0,0,0,0,0,Escalate to alternate count sources; checked page URL variants have no usable CDX rows.
no_page_cdx_rows,1,Dental Surgery,http://www.kongregate.com/games/szunyi/dental-surgery,www.kongregate.com/games/szunyi/dental-surgery,11,1,0,yes,2014-12-28,2014-12-28,1,0,0,0,0,0,Escalate to alternate count sources; checked page URL variants have no usable CDX rows.
no_page_cdx_rows,1,basic car behavior,http://www.kongregate.com/games/munoz20/basic-car-behavior,www.kongregate.com/games/munoz20/basic-car-behavior,11,1,0,yes,2015-12-26,2015-12-26,1,0,0,0,0,0,Escalate to alternate count sources; checked page URL variants have no usable CDX rows.
no_page_cdx_rows,1,Bottle Flip Challenge,http://www.kongregate.com/games/mafagames/bottle-flip-challenge,www.kongregate.com/games/mafagames/bottle-flip-challenge,11,1,0,yes,2017-09-20,2017-09-20,2,0,0,0,0,0,Escalate to alternate count sources; checked page URL variants have no usable CDX rows.
html_without_explicit_count,1,Crazy Zombie v2.0 Crossing Hero,http://www.kongregate.com/games/game4joy/crazy-zombie-v2-0-crossing-hero,www.kongregate.com/games/game4joy/crazy-zombie-v2-0-crossing-hero,12,21,0,yes,2014-12-17,2015-12-03,6,31,0,31,31,0,Probe adjacent archived JSON/API routes; cached HTML appears to rely on JavaScript-injected metrics.
html_without_explicit_count,1,Tap Tap Infinity,http://www.kongregate.com/games/TapTapInfinity/tap-tap-infinity,www.kongregate.com/games/taptapinfinity/tap-tap-infinity,12,2,0,yes,2015-01-03,2015-01-18,5,13,0,13,13,0,Probe adjacent archived JSON/API routes; cached HTML appears to rely on JavaScript-injected metrics.
html_without_explicit_count,1,Zinku - Kuiz nga Kimia,http://www.kongregate.com/games/del7244009/zinku-kuiz-nga-kimia,www.kongregate.com/games/del7244009/zinku-kuiz-nga-kimia,12,1,0,yes,2015-09-03,2015-09-03,2,8,0,2,2,0,Probe adjacent archived JSON/API routes; cached HTML appears to rely on JavaScript-injected metrics.
html_without_explicit_count,1,Alfa Romeo Brera Puzzle,http://www.kongregate.com/games/natalibt/alfa-romeo-brera-puzzle,www.kongregate.com/games/natalibt/alfa-romeo-brera-puzzle,12,1,0,yes,2015-09-23,2015-09-23,1,2,0,2,2,0,Probe adjacent archived JSON/API routes; cached HTML appears to rely on JavaScript-injected metrics.
html_without_explicit_count,1,Powerblocks,http://www.kongregate.com/games/mafagames/powerblocks,www.kongregate.com/games/mafagames/powerblocks,12,1,0,yes,2016-05-23,2016-05-23,2,1,0,1,1,0,Probe adjacent archived JSON/API routes; cached HTML appears to rely on JavaScript-injected metrics.
html_without_explicit_count,1,Agents of Mayhem: Splatter Effect,http://www.kongregate.com/games/rheyank/agents-of-mayhem-splatter-effect,www.kongregate.com/games/rheyank/agents-of-mayhem-splatter-effect,12,1,0,yes,2017-07-28,2017-07-28,2,1,0,1,1,0,Probe adjacent archived JSON/API routes; cached HTML appears to rely on JavaScript-injected metrics.
html_without_explicit_count,1,Freekick Training,http://www.kongregate.com/games/mafagames/freekick-training,www.kongregate.com/games/mafagames/freekick-training,12,1,0,yes,2017-09-13,2017-09-13,1,2,0,2,2,0,Probe adjacent archived JSON/API routes; cached HTML appears to rely on JavaScript-injected metrics.
no_page_cdx_rows,1,BigFarm Online(Sweden),http://www.kongregate.com/games/surre02/bigfarm-online-sweden,www.kongregate.com/games/surre02/bigfarm-online-sweden,12,1,0,yes,2014-09-05,2014-09-05,1,0,0,0,0,0,Escalate to alternate count sources; checked page URL variants have no usable CDX rows.
no_page_cdx_rows,1,Virus Attack,http://www.kongregate.com/games/mafagames/virus-attack,www.kongregate.com/games/mafagames/virus-attack,12,1,0,yes,2016-05-24,2016-05-24,2,0,0,0,0,0,Escalate to alternate count sources; checked page URL variants have no usable CDX rows.
no_page_cdx_rows,1,Dinamic Chess,http://www.kongregate.com/games/niconosave/dinamic-chess,www.kongregate.com/games/niconosave/dinamic-chess,12,1,0,yes,2016-10-04,2016-10-04,1,0,0,0,0,0,Escalate to alternate count sources; checked page URL variants have no usable CDX rows.
no_page_cdx_rows,1,Paradise,http://www.kongregate.com/games/spacegrid/paradise,www.kongregate.com/games/spacegrid/paradise,12,1,0,yes,2017-05-25,2017-05-25,2,0,0,0,0,0,Escalate to alternate count sources; checked page URL variants have no usable CDX rows.
no_page_cdx_rows,1,You Are Getting Tired,http://www.kongregate.com/games/SelfishDream/you-are-getting-tired,www.kongregate.com/games/selfishdream/you-are-getting-tired,12,1,0,yes,2017-06-16,2017-06-16,2,0,0,0,0,0,Escalate to alternate count sources; checked page URL variants have no usable CDX rows.
no_page_cdx_rows,1,Zombie Buster,http://www.kongregate.com/games/mafagames/zombie-buster,www.kongregate.com/games/mafagames/zombie-buster,12,1,0,yes,2017-09-20,2017-09-20,1,0,0,0,0,0,Escalate to alternate count sources; checked page URL variants have no usable CDX rows.
html_without_explicit_count,1,GravityHunt,http://www.kongregate.com/games/GravityHunt/gravityhunt,www.kongregate.com/games/gravityhunt/gravityhunt,13,1,0,yes,2014-09-14,2014-09-14,1,1,0,1,1,0,Probe adjacent archived JSON/API routes; cached HTML appears to rely on JavaScript-injected metrics.
html_without_explicit_count,1,Plants Attack,http://www.kongregate.com/games/xiatiandaole/plants-attack,www.kongregate.com/games/xiatiandaole/plants-attack,13,1,0,yes,2014-10-10,2014-10-10,1,1,0,1,1,0,Probe adjacent archived JSON/API routes; cached HTML appears to rely on JavaScript-injected metrics.
html_without_explicit_count,1,Kuizi Biologjia - Pjesa e 3,http://www.kongregate.com/games/del7244009/kuizi-biologjia-pjesa-e-3,www.kongregate.com/games/del7244009/kuizi-biologjia-pjesa-e-3,13,1,0,yes,2015-09-03,2015-09-03,1,3,0,3,3,0,Probe adjacent archived JSON/API routes; cached HTML appears to rely on JavaScript-injected metrics.
html_without_explicit_count,1,Death Soul,http://www.kongregate.com/games/mafagames/death-soul,www.kongregate.com/games/mafagames/death-soul,13,1,0,yes,2016-05-06,2016-05-06,2,2,0,2,2,0,Probe adjacent archived JSON/API routes; cached HTML appears to rely on JavaScript-injected metrics.
html_without_explicit_count,1,Gray Tank,http://www.kongregate.com/games/domjotebit/gray-tank,www.kongregate.com/games/domjotebit/gray-tank,13,1,0,yes,2016-06-05,2016-06-05,1,1,0,1,1,0,Probe adjacent archived JSON/API routes; cached HTML appears to rely on JavaScript-injected metrics.
html_without_explicit_count,1,Idle Game Dev,http://www.kongregate.com/games/Blobzone/idle-game-dev,www.kongregate.com/games/blobzone/idle-game-dev,13,1,0,yes,2016-07-20,2016-07-20,1,20,0,1,1,0,Probe adjacent archived JSON/API routes; cached HTML appears to rely on JavaScript-injected metrics.
html_without_explicit_count,1,Hold Position 2: Medieval,http://www.kongregate.com/games/mafagames/hold-position-2-medieval,www.kongregate.com/games/mafagames/hold-position-2-medieval,13,1,0,yes,2016-10-10,2016-10-10,2,2,0,1,1,0,Probe adjacent archived JSON/API routes; cached HTML appears to rely on JavaScript-injected metrics.
html_without_explicit_count,1,Mike Shadow: I Paid For It! (Mochi Premiums),http://www.kongregate.com/games/Allkiko1/mike-shadow-i-paid-for-it-mochi-premiums,www.kongregate.com/games/allkiko1/mike-shadow-i-paid-for-it-mochi-premiums,13,3,0,yes,2017-04-01,2017-04-15,3,39,0,39,39,0,Probe adjacent archived JSON/API routes; cached HTML appears to rely on JavaScript-injected metrics.
html_without_explicit_count,1,Snake And Blocks,http://www.kongregate.com/games/mafagames/snake-and-blocks,www.kongregate.com/games/mafagames/snake-and-blocks,13,1,0,yes,2017-07-20,2017-07-20,2,1,0,1,1,0,Probe adjacent archived JSON/API routes; cached HTML appears to rely on JavaScript-injected metrics.
html_without_explicit_count,1,Shoot the Roy Minions,http://www.kongregate.com/games/coolstronggames/shoot-the-roy-minions,www.kongregate.com/games/coolstronggames/shoot-the-roy-minions,13,1,0,yes,2017-08-17,2017-08-17,1,1,0,1,1,0,Probe adjacent archived JSON/API routes; cached HTML appears to rely on JavaScript-injected metrics.
html_without_explicit_count,1,Ninja Balance,http://www.kongregate.com/games/mafagames/ninja-balance,www.kongregate.com/games/mafagames/ninja-balance,13,1,0,yes,2017-08-23,2017-08-23,1,1,0,1,1,0,Probe adjacent archived JSON/API routes; cached HTML appears to rely on JavaScript-injected metrics.
html_without_explicit_count,1,Fighting For Glorton 1.2v,http://www.kongregate.com/games/Zueirao34/fighting-for-glorton-1-2v,www.kongregate.com/games/zueirao34/fighting-for-glorton-1-2v,13,1,0,yes,2017-09-04,2017-09-04,2,1,0,1,1,0,Probe adjacent archived JSON/API routes; cached HTML appears to rely on JavaScript-injected metrics.
html_without_explicit_count,1,Tangrid,http://www.kongregate.com/games/mafagames/tangrid,www.kongregate.com/games/mafagames/tangrid,13,1,0,yes,2017-09-13,2017-09-13,1,2,0,2,2,0,Probe adjacent archived JSON/API routes; cached HTML appears to rely on JavaScript-injected metrics.
no_page_cdx_rows,1,The FPS Training PreAlpha,http://www.kongregate.com/games/HLoKHaMZ/the-fps-training-prealpha,www.kongregate.com/games/hlokhamz/the-fps-training-prealpha,13,1,0,yes,2014-10-17,2014-10-17,1,0,0,0,0,0,Escalate to alternate count sources; checked page URL variants have no usable CDX rows.
no_page_cdx_rows,1,TDS game 2,http://www.kongregate.com/games/munoz20/tds-game-2,www.kongregate.com/games/munoz20/tds-game-2,13,1,0,yes,2015-12-26,2015-12-26,1,0,0,0,0,0,Escalate to alternate count sources; checked page URL variants have no usable CDX rows.
no_page_cdx_rows,1,Super Cowboy Run,http://www.kongregate.com/games/mafagames/super-cowboy-run,www.kongregate.com/games/mafagames/super-cowboy-run,13,1,0,yes,2016-05-23,2016-05-23,2,0,0,0,0,0,Escalate to alternate count sources; checked page URL variants have no usable CDX rows.
no_page_cdx_rows,1,Jumpy Shark,http://www.kongregate.com/games/mafagames/jumpy-shark,www.kongregate.com/games/mafagames/jumpy-shark,13,1,0,yes,2016-05-24,2016-05-24,2,0,0,0,0,0,Escalate to alternate count sources; checked page URL variants have no usable CDX rows.
no_page_cdx_rows,1,Guerra de Quatro Mundos clique em [♥Like],http://www.kongregate.com/games/Maury71/guerra-de-quatro-mundos-clique-em-like,www.kongregate.com/games/maury71/guerra-de-quatro-mundos-clique-em-like,13,1,0,yes,2016-08-28,2016-08-28,1,0,0,0,0,0,Escalate to alternate count sources; checked page URL variants have no usable CDX rows.
no_page_cdx_rows,1,Colotap,http://www.kongregate.com/games/Palazoles/colotap,www.kongregate.com/games/palazoles/colotap,13,1,0,yes,2016-10-30,2016-10-30,1,0,0,0,0,0,Escalate to alternate count sources; checked page URL variants have no usable CDX rows.
no_page_cdx_rows,1,"101: A Video Game about Video Games (okay, a really early one)",http://www.kongregate.com/games/wigardju/101-a-video-game-about-video-games-okay-a-really-early-one,www.kongregate.com/games/wigardju/101-a-video-game-about-video-games-okay-a-really-early-one,13,1,0,yes,2017-08-05,2017-08-05,2,0,0,0,0,0,Escalate to alternate count sources; checked page URL variants have no usable CDX rows.
no_page_cdx_rows,1,Break The Line,http://www.kongregate.com/games/mafagames/break-the-line,www.kongregate.com/games/mafagames/break-the-line,13,1,0,yes,2017-09-20,2017-09-20,2,0,0,0,0,0,Escalate to alternate count sources; checked page URL variants have no usable CDX rows.
no_page_cdx_rows,1,Gold Miner Jack 2,https://www.kongregate.com/games/crazyschoolgames/gold-miner-jack-2,www.kongregate.com/games/crazyschoolgames/gold-miner-jack-2,13,1,0,yes,2019-08-25,2019-08-25,2,0,0,0,0,0,Escalate to alternate count sources; checked page URL variants have no usable CDX rows.
html_without_explicit_count,1,Kuizi Biologjia - Pjesa e 4,http://www.kongregate.com/games/del7244009/kuizi-biologjia-pjesa-e-4,www.kongregate.com/games/del7244009/kuizi-biologjia-pjesa-e-4,14,1,0,yes,2015-09-03,2015-09-03,2,8,0,2,2,0,Probe adjacent archived JSON/API routes; cached HTML appears to rely on JavaScript-injected metrics.
html_without_explicit_count,1,Idle Capitalist 6,http://www.kongregate.com/games/KasparsM/idle-capitalist-6,www.kongregate.com/games/kasparsm/idle-capitalist-6,14,1,0,yes,2015-09-09,2015-09-09,1,1,0,1,1,0,Probe adjacent archived JSON/API routes; cached HTML appears to rely on JavaScript-injected metrics.
html_without_explicit_count,1,Spike Bird,http://www.kongregate.com/games/mafagames/spike-bird,www.kongregate.com/games/mafagames/spike-bird,14,1,0,yes,2016-05-06,2016-05-06,1,1,0,1,1,0,Probe adjacent archived JSON/API routes; cached HTML appears to rely on JavaScript-injected metrics.
html_without_explicit_count,1,Yandere - Heartbreak,http://www.kongregate.com/games/swiftmoon12/yandere-heartbreak,www.kongregate.com/games/swiftmoon12/yandere-heartbreak,14,1,0,yes,2016-08-20,2016-08-20,1,1,0,1,1,0,Probe adjacent archived JSON/API routes; cached HTML appears to rely on JavaScript-injected metrics.
html_without_explicit_count,1,Karting Racing,http://www.kongregate.com/games/mafagames/karting-racing,www.kongregate.com/games/mafagames/karting-racing,14,1,0,yes,2016-10-10,2016-10-10,1,2,0,2,2,0,Probe adjacent archived JSON/API routes; cached HTML appears to rely on JavaScript-injected metrics.
html_without_explicit_count,1,My Summer Items,http://www.kongregate.com/games/natalibt/my-summer-items,www.kongregate.com/games/natalibt/my-summer-items,14,1,0,yes,2017-06-15,2017-06-15,2,4,0,2,2,0,Probe adjacent archived JSON/API routes; cached HTML appears to rely on JavaScript-injected metrics.
html_without_explicit_count,1,Mad Taxi,http://www.kongregate.com/games/mafagames/mad-taxi,www.kongregate.com/games/mafagames/mad-taxi,14,1,0,yes,2017-07-20,2017-07-20,1,1,0,1,1,0,Probe adjacent archived JSON/API routes; cached HTML appears to rely on JavaScript-injected metrics.
no_page_cdx_rows,1,Transport,http://www.kongregate.com/games/mafagames/transport,www.kongregate.com/games/mafagames/transport,14,1,0,yes,2016-05-23,2016-05-23,2,0,0,0,0,0,Escalate to alternate count sources; checked page URL variants have no usable CDX rows.
no_page_cdx_rows,1,My Little Pony Winter Fashion 2,http://www.kongregate.com/games/mafagames/my-little-pony-winter-fashion-2,www.kongregate.com/games/mafagames/my-little-pony-winter-fashion-2,14,1,0,yes,2016-05-24,2016-05-24,2,0,0,0,0,0,Escalate to alternate count sources; checked page URL variants have no usable CDX rows.
no_page_cdx_rows,1,FurLight,http://www.kongregate.com/games/ArsenG1/furlight,www.kongregate.com/games/arseng1/furlight,14,1,0,yes,2016-06-04,2016-06-04,2,0,0,0,0,0,Escalate to alternate count sources; checked page URL variants have no usable CDX rows.
no_page_cdx_rows,1,TRY. DIE. REPEAT.,http://www.kongregate.com/games/rodolfodth/try-die-repeat,www.kongregate.com/games/rodolfodth/try-die-repeat,14,1,0,yes,2017-06-16,2017-06-16,1,0,0,0,0,0,Escalate to alternate count sources; checked page URL variants have no usable CDX rows.
html_without_explicit_count,1,Kuizi Biologjia - Pjesa e 2,http://www.kongregate.com/games/del7244009/kuizi-biologjia-pjesa-e-2,www.kongregate.com/games/del7244009/kuizi-biologjia-pjesa-e-2,15,1,0,yes,2015-09-03,2015-09-03,1,3,0,2,2,0,Probe adjacent archived JSON/API routes; cached HTML appears to rely on JavaScript-injected metrics.
no_page_cdx_rows,1,Test 2,http://www.kongregate.com/games/Nicolo974jtm34/test-2,www.kongregate.com/games/nicolo974jtm34/test-2,15,1,0,yes,2014-10-03,2014-10-03,1,0,0,0,0,0,Escalate to alternate count sources; checked page URL variants have no usable CDX rows.
not_checked,1,Mater Cars Puzzle,http://www.kongregate.com/games/natalibt/mater-cars-puzzle,www.kongregate.com/games/natalibt/mater-cars-puzzle,15,1,0,yes,2015-09-09,2015-09-09,0,0,0,0,0,0,Run a bounded page-history CDX shard for this game.
not_checked,1,Duck Shooter,http://www.kongregate.com/games/mafagames/duck-shooter,www.kongregate.com/games/mafagames/duck-shooter,15,1,0,yes,2016-05-06,2016-05-06,0,0,0,0,0,0,Run a bounded page-history CDX shard for this game.
not_checked,1,Bloosso Run,http://www.kongregate.com/games/JurgisT/bloosso-run,www.kongregate.com/games/jurgist/bloosso-run,15,1,0,yes,2016-05-15,2016-05-15,0,0,0,0,0,0,Run a bounded page-history CDX shard for this game.
not_checked,1,Labyrinth,http://www.kongregate.com/games/mafagames/labyrinth,www.kongregate.com/games/mafagames/labyrinth,15,1,0,yes,2016-05-23,2016-05-23,0,0,0,0,0,0,Run a bounded page-history CDX shard for this game.
not_checked,1,The ball game,http://www.kongregate.com/games/danwon67/the-ball-game,www.kongregate.com/games/danwon67/the-ball-game,15,1,0,yes,2016-07-14,2016-07-14,0,0,0,0,0,0,Run a bounded page-history CDX shard for this game.
not_checked,1,DELTA warfare,http://www.kongregate.com/games/schambulat20/delta-warfare,www.kongregate.com/games/schambulat20/delta-warfare,15,1,0,yes,2016-09-03,2016-09-03,0,0,0,0,0,0,Run a bounded page-history CDX shard for this game.
not_checked,1,Mad Boy Adventures,http://www.kongregate.com/games/mafagames/mad-boy-adventures,www.kongregate.com/games/mafagames/mad-boy-adventures,15,1,0,yes,2016-10-10,2016-10-10,0,0,0,0,0,0,Run a bounded page-history CDX shard for this game.
not_checked,1,DON'T DESTROY THE BALL!,http://www.kongregate.com/games/phacanu/dont-destroy-the-ball,www.kongregate.com/games/phacanu/dont-destroy-the-ball,15,1,0,yes,2017-06-04,2017-06-04,0,0,0,0,0,0,Run a bounded page-history CDX shard for this game.
not_checked,1,Space Trip,http://www.kongregate.com/games/mafagames/space-trip,www.kongregate.com/games/mafagames/space-trip,15,1,0,yes,2017-07-20,2017-07-20,0,0,0,0,0,0,Run a bounded page-history CDX shard for this game.
not_checked,1,Doblons.oi,http://www.kongregate.com/games/Zueirao34/doblons-oi,www.kongregate.com/games/zueirao34/doblons-oi,15,1,0,yes,2017-09-04,2017-09-04,0,0,0,0,0,0,Run a bounded page-history CDX shard for this game.
not_checked,1,Car Rush 2,http://www.kongregate.com/games/mafagames/car-rush-2,www.kongregate.com/games/mafagames/car-rush-2,15,1,0,yes,2017-09-13,2017-09-13,0,0,0,0,0,0,Run a bounded page-history CDX shard for this game.
not_checked,1,Moto Jumper,http://www.kongregate.com/games/darekapps/moto-jumper,www.kongregate.com/games/darekapps/moto-jumper,15,1,0,yes,2017-10-08,2017-10-08,0,0,0,0,0,0,Run a bounded page-history CDX shard for this game.
not_checked,1,Ascending LSD,http://www.kongregate.com/games/KING34/ascending-lsd,www.kongregate.com/games/king34/ascending-lsd,15,1,0,yes,2017-10-24,2017-10-24,0,0,0,0,0,0,Run a bounded page-history CDX shard for this game.
not_checked,1,Monopoly IO,http://www.kongregate.com/games/benbean303/monopoly-io,www.kongregate.com/games/benbean303/monopoly-io,15,1,0,yes,2017-11-06,2017-11-06,0,0,0,0,0,0,Run a bounded page-history CDX shard for this game.
not_checked,1,FootballManager Online,http://www.kongregate.com/games/surre02/footballmanager-online,www.kongregate.com/games/surre02/footballmanager-online,16,1,0,yes,2014-09-05,2014-09-05,0,0,0,0,0,0,Run a bounded page-history CDX shard for this game.
not_checked,1,Test1,http://www.kongregate.com/games/Nicolo974jtm34/test1,www.kongregate.com/games/nicolo974jtm34/test1,16,1,0,yes,2014-10-03,2014-10-03,0,0,0,0,0,0,Run a bounded page-history CDX shard for this game.
not_checked,1,OuterSpace [PitBall] Offical,http://www.kongregate.com/games/NickJ66/outerspace-pitball-offical,www.kongregate.com/games/nickj66/outerspace-pitball-offical,16,1,0,yes,2014-10-10,2014-10-10,0,0,0,0,0,0,Run a bounded page-history CDX shard for this game.
not_checked,1,Peppa Pig Ice Cream Shop,http://www.kongregate.com/games/lemonindieg/peppa-pig-ice-cream-shop,www.kongregate.com/games/lemonindieg/peppa-pig-ice-cream-shop,16,1,0,yes,2014-10-13,2014-10-13,0,0,0,0,0,0,Run a bounded page-history CDX shard for this game.
not_checked,1,Kuizi Autoshkolla - Testi 1,http://www.kongregate.com/games/del7244009/kuizi-autoshkolla-testi-1,www.kongregate.com/games/del7244009/kuizi-autoshkolla-testi-1,16,1,0,yes,2015-09-03,2015-09-03,0,0,0,0,0,0,Run a bounded page-history CDX shard for this game.
not_checked,1,Miner 2,http://www.kongregate.com/games/KillingPigs123/miner-2,www.kongregate.com/games/killingpigs123/miner-2,16,1,0,yes,2015-09-09,2015-09-09,0,0,0,0,0,0,Run a bounded page-history CDX shard for this game.
not_checked,1,Quad Maze Lite V4.1,http://www.kongregate.com/games/Anqa_Game/quad-maze-lite-v4-1,www.kongregate.com/games/anqa_game/quad-maze-lite-v4-1,16,1,0,yes,2015-12-05,2015-12-05,0,0,0,0,0,0,Run a bounded page-history CDX shard for this game.
not_checked,1,Elsa Facial Skin Care,http://www.kongregate.com/games/marydressupgames/elsa-facial-skin-care,www.kongregate.com/games/marydressupgames/elsa-facial-skin-care,16,1,0,yes,2016-02-28,2016-02-28,0,0,0,0,0,0,Run a bounded page-history CDX shard for this game.
not_checked,1,Pregnant Elsa Baby Room Deco,http://www.kongregate.com/games/mafagames/pregnant-elsa-baby-room-deco,www.kongregate.com/games/mafagames/pregnant-elsa-baby-room-deco,16,1,0,yes,2016-05-23,2016-05-23,0,0,0,0,0,0,Run a bounded page-history CDX shard for this game.
not_checked,1,Jungle Gems,http://www.kongregate.com/games/gamesrishti/jungle-gems,www.kongregate.com/games/gamesrishti/jungle-gems,16,1,0,yes,2016-07-20,2016-07-20,0,0,0,0,0,0,Run a bounded page-history CDX shard for this game.
not_checked,1,Chat Public or Private,http://www.kongregate.com/games/MrBaidu/chat-public-or-private,www.kongregate.com/games/mrbaidu/chat-public-or-private,16,1,0,yes,2016-07-27,2016-07-27,0,0,0,0,0,0,Run a bounded page-history CDX shard for this game.
not_checked,1,Maze Platformer,http://www.kongregate.com/games/Erendis42/maze-platformer,www.kongregate.com/games/erendis42/maze-platformer,16,1,0,yes,2016-08-05,2016-08-05,0,0,0,0,0,0,Run a bounded page-history CDX shard for this game.
not_checked,1,Christmas Memory,http://www.kongregate.com/games/mafagames/christmas-memory,www.kongregate.com/games/mafagames/christmas-memory,16,1,0,yes,2016-10-10,2016-10-10,0,0,0,0,0,0,Run a bounded page-history CDX shard for this game.
not_checked,1,Two Man Hockey,http://www.kongregate.com/games/smatthews1999/two-man-hockey,www.kongregate.com/games/smatthews1999/two-man-hockey,16,1,0,yes,2017-05-05,2017-05-05,0,0,0,0,0,0,Run a bounded page-history CDX shard for this game.
not_checked,1,Dimensional (beta),http://www.kongregate.com/games/Vermillion_gd/dimensional-beta,www.kongregate.com/games/vermillion_gd/dimensional-beta,16,1,0,yes,2017-07-03,2017-07-03,0,0,0,0,0,0,Run a bounded page-history CDX shard for this game.
not_checked,1,Figure Fighting 2.4 Beta,http://www.kongregate.com/games/Zueirao34/figure-fighting-2-4-beta,www.kongregate.com/games/zueirao34/figure-fighting-2-4-beta,16,1,0,yes,2017-09-04,2017-09-04,0,0,0,0,0,0,Run a bounded page-history CDX shard for this game.
not_checked,1,Sand Worm,http://www.kongregate.com/games/mafagames/sand-worm,www.kongregate.com/games/mafagames/sand-worm,16,1,0,yes,2017-09-30,2017-09-30,0,0,0,0,0,0,Run a bounded page-history CDX shard for this game.
not_checked,1,Back to School Fashion,http://www.kongregate.com/games/games2girls/back-to-school-fashion,www.kongregate.com/games/games2girls/back-to-school-fashion,17,1,0,yes,2014-10-03,2014-10-03,0,0,0,0,0,0,Run a bounded page-history CDX shard for this game.
not_checked,1,Kuiz për Australinë,http://www.kongregate.com/games/del7244009/kuiz-p-r-australin,www.kongregate.com/games/del7244009/kuiz-p-r-australin,17,1,0,yes,2015-09-03,2015-09-03,0,0,0,0,0,0,Run a bounded page-history CDX shard for this game.
not_checked,1,HitlerVsVikings,http://www.kongregate.com/games/Naoisi_Swaz/hitlervsvikings,www.kongregate.com/games/naoisi_swaz/hitlervsvikings,17,1,0,yes,2016-07-07,2016-07-07,0,0,0,0,0,0,Run a bounded page-history CDX shard for this game.
not_checked,1,Kongpanion Friend Generator,http://www.kongregate.com/games/yvolcano4/kongpanion-friend-generator,www.kongregate.com/games/yvolcano4/kongpanion-friend-generator,17,1,0,yes,2016-08-05,2016-08-05,0,0,0,0,0,0,Run a bounded page-history CDX shard for this game.
not_checked,1,Flap Cat Halloween,http://www.kongregate.com/games/mafagames/flap-cat-halloween,www.kongregate.com/games/mafagames/flap-cat-halloween,17,1,0,yes,2016-10-10,2016-10-10,0,0,0,0,0,0,Run a bounded page-history CDX shard for this game.
not_checked,1,Kosmogon,http://www.kongregate.com/games/quickcasualgames/kosmogon,www.kongregate.com/games/quickcasualgames/kosmogon,17,1,0,yes,2017-05-16,2017-05-16,0,0,0,0,0,0,Run a bounded page-history CDX shard for this game.
not_checked,1,Bus & Subway Runner,http://www.kongregate.com/games/echocargames/bus-subway-runner,www.kongregate.com/games/echocargames/bus-subway-runner,17,1,0,yes,2017-09-30,2017-09-30,0,0,0,0,0,0,Run a bounded page-history CDX shard for this game.
not_checked,1,Murder,http://www.kongregate.com/games/hussnainjaved534/murder,www.kongregate.com/games/hussnainjaved534/murder,17,1,0,yes,2017-10-24,2017-10-24,0,0,0,0,0,0,Run a bounded page-history CDX shard for this game.
not_checked,1,Life Of A Golf Ball,http://www.kongregate.com/games/lubo36/life-of-a-golf-ball,www.kongregate.com/games/lubo36/life-of-a-golf-ball,17,1,0,yes,2017-11-06,2017-11-06,0,0,0,0,0,0,Run a bounded page-history CDX shard for this game.
