followup_tier,profile_bucket,game_name,game_url,canonical_game_key,kongregate_game_ids,best_rank,top_n_appearances,listing_play_count_rows,max_listing_play_count_observed,needs_game_page_history,first_seen_date,last_seen_date,recommendation
1,ranked_listing_count_gaps_no_metrics,RPgTest,http://www.kongregate.com/games/Nicolo974jtm34/rpgtest,www.kongregate.com/games/nicolo974jtm34/rpgtest,221473,6,2,0,0,yes,2014-10-03,2014-10-04,Prioritize page-history recovery; at least one ranked-list appearance still lacks a play count and metrics.json has no CDX history.
1,ranked_listing_count_gaps_no_metrics,Mining Truck,http://www.kongregate.com/games/xiatiandaole/mining-truck,www.kongregate.com/games/xiatiandaole/mining-truck,222509,6,2,0,0,yes,2014-10-17,2014-10-18,Prioritize page-history recovery; at least one ranked-list appearance still lacks a play count and metrics.json has no CDX history.
1,ranked_listing_count_gaps_no_metrics,Swimwear Store,http://www.kongregate.com/games/games2girls/swimwear-store,www.kongregate.com/games/games2girls/swimwear-store,220320,11,2,0,0,yes,2014-09-19,2014-09-19,Prioritize page-history recovery; at least one ranked-list appearance still lacks a play count and metrics.json has no CDX history.
1,ranked_listing_count_gaps_no_metrics,Crazy Zombie v2.0 Crossing Hero,http://www.kongregate.com/games/game4joy/crazy-zombie-v2-0-crossing-hero,www.kongregate.com/games/game4joy/crazy-zombie-v2-0-crossing-hero,190786,12,21,0,0,yes,2014-12-17,2015-12-03,Prioritize page-history recovery; at least one ranked-list appearance still lacks a play count and metrics.json has no CDX history.
1,ranked_listing_count_gaps_no_metrics,Tap Tap Infinity,http://www.kongregate.com/games/TapTapInfinity/tap-tap-infinity,www.kongregate.com/games/taptapinfinity/tap-tap-infinity,227190,12,2,0,0,yes,2015-01-03,2015-01-18,Prioritize page-history recovery; at least one ranked-list appearance still lacks a play count and metrics.json has no CDX history.
1,ranked_listing_count_gaps_no_metrics,Mike Shadow: I Paid For It! (Mochi Premiums),http://www.kongregate.com/games/Allkiko1/mike-shadow-i-paid-for-it-mochi-premiums,www.kongregate.com/games/allkiko1/mike-shadow-i-paid-for-it-mochi-premiums,241592,13,3,0,0,yes,2017-04-01,2017-04-15,Prioritize page-history recovery; at least one ranked-list appearance still lacks a play count and metrics.json has no CDX history.
2,complete_listing_counts_no_metrics,Bubble Shooter Exclusive,http://www.kongregate.com/games/fighter106/bubble-shooter-exclusive,www.kongregate.com/games/fighter106/bubble-shooter-exclusive,212626,4,2,2,274,no,2014-06-20,2014-06-20,Ranked-list appearances already have play counts; use page-history only for broader per-game history.
3,single_capture_listing_count_no_metrics,IndestructoCopter,http://www.kongregate.com/games/Joshua140/indestructocopter,www.kongregate.com/games/joshua140/indestructocopter,,1,1,1,12,no,2008-05-09,2008-05-09,Lower-priority full-history candidate; the only ranked-list appearance already has a play count.
3,single_capture_listing_count_no_metrics,BLOB KILLS BALL!,http://www.kongregate.com/games/bryces12/blob-kills-ball,www.kongregate.com/games/bryces12/blob-kills-ball,,1,1,1,275,no,2010-10-18,2010-10-18,Lower-priority full-history candidate; the only ranked-list appearance already has a play count.
3,single_capture_listing_count_no_metrics,City Runner 3D,http://www.kongregate.com/games/PaperCup/city-runner-3d,www.kongregate.com/games/papercup/city-runner-3d,,1,1,1,22,no,2011-07-17,2011-07-17,Lower-priority full-history candidate; the only ranked-list appearance already has a play count.
3,single_capture_listing_count_no_metrics,Electro City,http://www.kongregate.com/games/purecube/electro-city,www.kongregate.com/games/purecube/electro-city,,1,1,1,18,no,2011-07-21,2011-07-21,Lower-priority full-history candidate; the only ranked-list appearance already has a play count.
3,single_capture_listing_count_no_metrics,Maddening Foolishness,http://www.kongregate.com/games/darthpeanut113/maddening-foolishness,www.kongregate.com/games/darthpeanut113/maddening-foolishness,,1,1,1,127,no,2011-12-31,2011-12-31,Lower-priority full-history candidate; the only ranked-list appearance already has a play count.
3,single_capture_listing_count_no_metrics,Penguin Heroes,http://www.kongregate.com/games/ShunKazami/penguin-heroes,www.kongregate.com/games/shunkazami/penguin-heroes,,1,1,1,5,no,2012-01-01,2012-01-01,Lower-priority full-history candidate; the only ranked-list appearance already has a play count.
3,single_capture_listing_count_no_metrics,Stafforb's Worst Pokemon Battle,http://www.kongregate.com/games/Stafforb_Pokemon/stafforbs-worst-pokemon-battle,www.kongregate.com/games/stafforb_pokemon/stafforbs-worst-pokemon-battle,,1,1,1,10,no,2013-04-11,2013-04-11,Lower-priority full-history candidate; the only ranked-list appearance already has a play count.
3,single_capture_listing_count_no_metrics,Jupiter OGame,http://www.kongregate.com/games/KingStar22/jupiter-ogame,www.kongregate.com/games/kingstar22/jupiter-ogame,215749,1,1,1,10,no,2014-07-26,2014-07-26,Lower-priority full-history candidate; the only ranked-list appearance already has a play count.
3,single_capture_listing_count_no_metrics,First Date,http://www.kongregate.com/games/slixmedia/first-date,www.kongregate.com/games/slixmedia/first-date,,2,1,1,57,no,2010-10-13,2010-10-13,Lower-priority full-history candidate; the only ranked-list appearance already has a play count.
3,single_capture_listing_count_no_metrics,Battle For Gondor,http://www.kongregate.com/games/jaime2310/battle-for-gondor,www.kongregate.com/games/jaime2310/battle-for-gondor,,2,1,1,331,no,2011-04-09,2011-04-09,Lower-priority full-history candidate; the only ranked-list appearance already has a play count.
3,single_capture_listing_count_no_metrics,RPG Shooter,http://www.kongregate.com/games/powerpoler/rpg-shooter,www.kongregate.com/games/powerpoler/rpg-shooter,,2,1,1,241,no,2011-06-10,2011-06-10,Lower-priority full-history candidate; the only ranked-list appearance already has a play count.
3,single_capture_listing_count_no_metrics,Jamproject Classic Roc...,http://www.kongregate.com/games/21Axes999/jamproject-classic-rock-skin,www.kongregate.com/games/21axes999/jamproject-classic-rock-skin,,2,1,1,20,no,2011-06-29,2011-06-29,Lower-priority full-history candidate; the only ranked-list appearance already has a play count.
3,single_capture_listing_count_no_metrics,Chuck Norris MMORPG,http://www.kongregate.com/games/PaperCup/chuck-norris-mmorpg,www.kongregate.com/games/papercup/chuck-norris-mmorpg,,2,1,1,7,no,2011-07-17,2011-07-17,Lower-priority full-history candidate; the only ranked-list appearance already has a play count.
3,single_capture_listing_count_no_metrics,I Don't Even Know,http://www.kongregate.com/games/DXInteractive/i-dont-even-know,www.kongregate.com/games/dxinteractive/i-dont-even-know,,2,1,1,5,no,2011-07-24,2011-07-24,Lower-priority full-history candidate; the only ranked-list appearance already has a play count.
3,single_capture_listing_count_no_metrics,Mini Ninja Coloring,http://www.kongregate.com/games/petee/mini-ninja-coloring,www.kongregate.com/games/petee/mini-ninja-coloring,,2,1,1,21,no,2011-07-28,2011-07-28,Lower-priority full-history candidate; the only ranked-list appearance already has a play count.
3,single_capture_listing_count_no_metrics,"""The Game"" Chat",http://www.kongregate.com/games/Qwertybeef/the-game-chat,www.kongregate.com/games/qwertybeef/the-game-chat,,2,1,1,100,no,2011-08-05,2011-08-05,Lower-priority full-history candidate; the only ranked-list appearance already has a play count.
3,single_capture_listing_count_no_metrics,Motivational Chatroom ...,http://www.kongregate.com/games/Ilikecrabs/motivational-chatroom-drinking-game,www.kongregate.com/games/ilikecrabs/motivational-chatroom-drinking-game,,2,1,1,95,no,2011-08-09,2011-08-09,Lower-priority full-history candidate; the only ranked-list appearance already has a play count.
3,single_capture_listing_count_no_metrics,Another of Stafforb's Pokemon Battles.,http://www.kongregate.com/games/Stafforb_Pokemon/another-of-stafforbs-pokemon-battles,www.kongregate.com/games/stafforb_pokemon/another-of-stafforbs-pokemon-battles,,2,1,1,13,no,2013-04-11,2013-04-11,Lower-priority full-history candidate; the only ranked-list appearance already has a play count.
3,single_capture_listing_count_no_metrics,Make Butter Waffles,http://www.kongregate.com/games/alia2013/make-butter-waffles,www.kongregate.com/games/alia2013/make-butter-waffles,205855,2,1,1,2,no,2014-04-11,2014-04-11,Lower-priority full-history candidate; the only ranked-list appearance already has a play count.
3,single_capture_listing_count_no_metrics,Broken World WIP,http://www.kongregate.com/games/JackTrades/broken-world-wip,www.kongregate.com/games/jacktrades/broken-world-wip,,3,1,1,429,no,2011-01-11,2011-01-11,Lower-priority full-history candidate; the only ranked-list appearance already has a play count.
3,single_capture_listing_count_no_metrics,PhysicsWars,http://www.kongregate.com/games/friuns/physicswars,www.kongregate.com/games/friuns/physicswars,,3,1,1,431,no,2011-02-09,2011-02-09,Lower-priority full-history candidate; the only ranked-list appearance already has a play count.
3,single_capture_listing_count_no_metrics,Run And Monetize,http://www.kongregate.com/games/rc88_/run-and-monetize,www.kongregate.com/games/rc88_/run-and-monetize,,3,1,1,86,no,2011-02-27,2011-02-27,Lower-priority full-history candidate; the only ranked-list appearance already has a play count.
3,single_capture_listing_count_no_metrics,Chocolate Rain TAY ZONDAY,http://www.kongregate.com/games/Shi_Thead/chocolate-rain-tay-zonday,www.kongregate.com/games/shi_thead/chocolate-rain-tay-zonday,,3,1,1,21,no,2011-03-19,2011-03-19,Lower-priority full-history candidate; the only ranked-list appearance already has a play count.
3,single_capture_listing_count_no_metrics,Office Supply Team!,http://www.kongregate.com/games/deesus/office-supply-team,www.kongregate.com/games/deesus/office-supply-team,,3,1,1,38,no,2011-03-23,2011-03-23,Lower-priority full-history candidate; the only ranked-list appearance already has a play count.
3,single_capture_listing_count_no_metrics,Blozorz Hacked,http://www.kongregate.com/games/tinkan11/blozorz-hacked,www.kongregate.com/games/tinkan11/blozorz-hacked,,3,1,1,122,no,2011-04-05,2011-04-05,Lower-priority full-history candidate; the only ranked-list appearance already has a play count.
3,single_capture_listing_count_no_metrics,Jumbo Adventure,http://www.kongregate.com/games/gamesrishti/jumbo-adventure,www.kongregate.com/games/gamesrishti/jumbo-adventure,,3,1,1,53,no,2011-04-16,2011-04-16,Lower-priority full-history candidate; the only ranked-list appearance already has a play count.
3,single_capture_listing_count_no_metrics,Stickman Adventure,http://www.kongregate.com/games/powerpoler/stickman-adventure,www.kongregate.com/games/powerpoler/stickman-adventure,,3,1,1,122,no,2011-06-18,2011-06-18,Lower-priority full-history candidate; the only ranked-list appearance already has a play count.
3,single_capture_listing_count_no_metrics,Touch me NOW!,http://www.kongregate.com/games/bullybee/touch-me-now,www.kongregate.com/games/bullybee/touch-me-now,,3,1,1,315,no,2011-07-13,2011-07-13,Lower-priority full-history candidate; the only ranked-list appearance already has a play count.
3,single_capture_listing_count_no_metrics,How to make an MMORPG,http://www.kongregate.com/games/PaperCup/how-to-make-an-mmorpg,www.kongregate.com/games/papercup/how-to-make-an-mmorpg,,3,1,1,5,no,2011-07-17,2011-07-17,Lower-priority full-history candidate; the only ranked-list appearance already has a play count.
3,single_capture_listing_count_no_metrics,zombie dolls,http://www.kongregate.com/games/starmeiko/zombie-dolls,www.kongregate.com/games/starmeiko/zombie-dolls,,3,1,1,4,no,2011-07-24,2011-07-24,Lower-priority full-history candidate; the only ranked-list appearance already has a play count.
3,single_capture_listing_count_no_metrics,GTA Portable,http://www.kongregate.com/games/firekez/gta-portable,www.kongregate.com/games/firekez/gta-portable,,3,1,1,27,no,2012-11-01,2012-11-01,Lower-priority full-history candidate; the only ranked-list appearance already has a play count.
3,single_capture_listing_count_no_metrics,Fruit connect,http://www.kongregate.com/games/alia2013/fruit-connect,www.kongregate.com/games/alia2013/fruit-connect,205981,3,1,1,5,no,2014-04-11,2014-04-11,Lower-priority full-history candidate; the only ranked-list appearance already has a play count.
3,single_capture_listing_count_no_metrics,Paper Doors Escape,http://www.kongregate.com/games/game4joy/paper-doors-escape,www.kongregate.com/games/game4joy/paper-doors-escape,211385,3,1,1,18,no,2014-06-06,2014-06-06,Lower-priority full-history candidate; the only ranked-list appearance already has a play count.
3,single_capture_listing_count_no_metrics,Eternal-Red,http://www.kongregate.com/games/MohammadAqib07/eternal-red,www.kongregate.com/games/mohammadaqib07/eternal-red,215195,3,1,1,6,no,2014-07-21,2014-07-21,Lower-priority full-history candidate; the only ranked-list appearance already has a play count.
3,single_capture_listing_count_no_metrics,Clear Vision Elite,http://www.kongregate.com/games/dpflashes/clear-vision-elite,www.kongregate.com/games/dpflashes/clear-vision-elite,,4,1,1,897,no,2008-08-13,2008-08-13,Lower-priority full-history candidate; the only ranked-list appearance already has a play count.
3,single_capture_listing_count_no_metrics,Active Ashfield's Conversion Challenge,http://www.kongregate.com/games/QuakMultimedia/active-ashfields-conversion-challenge,www.kongregate.com/games/quakmultimedia/active-ashfields-conversion-challenge,,4,1,1,230,no,2009-10-14,2009-10-14,Lower-priority full-history candidate; the only ranked-list appearance already has a play count.
3,single_capture_listing_count_no_metrics,Photogrounds,http://www.kongregate.com/games/nathanielmilburn/photogrounds,www.kongregate.com/games/nathanielmilburn/photogrounds,,4,1,1,243,no,2010-10-13,2010-10-13,Lower-priority full-history candidate; the only ranked-list appearance already has a play count.
3,single_capture_listing_count_no_metrics,Spongebob VS. Larry Ve...,http://www.kongregate.com/games/S_Schreiber/spongebob-vs-larry-version-2,www.kongregate.com/games/s_schreiber/spongebob-vs-larry-version-2,,4,1,1,190,no,2011-02-27,2011-02-27,Lower-priority full-history candidate; the only ranked-list appearance already has a play count.
3,single_capture_listing_count_no_metrics,Fadious Dragon,http://www.kongregate.com/games/1SwiftHawk/fadious-dragon,www.kongregate.com/games/1swifthawk/fadious-dragon,,4,1,1,159,no,2011-03-11,2011-03-11,Lower-priority full-history candidate; the only ranked-list appearance already has a play count.
3,single_capture_listing_count_no_metrics,Snow Fight 3.0,http://www.kongregate.com/games/jaime2310/snow-fight-3-0,www.kongregate.com/games/jaime2310/snow-fight-3-0,,4,1,1,101,no,2011-04-05,2011-04-05,Lower-priority full-history candidate; the only ranked-list appearance already has a play count.
3,single_capture_listing_count_no_metrics,Fantasy Warriors,http://www.kongregate.com/games/gamesrishti/fantasy-warriors,www.kongregate.com/games/gamesrishti/fantasy-warriors,,4,1,1,321,no,2011-04-16,2011-04-16,Lower-priority full-history candidate; the only ranked-list appearance already has a play count.
3,single_capture_listing_count_no_metrics,arch_diagram,http://www.kongregate.com/games/WangHailong__9/arch-diagram,www.kongregate.com/games/wanghailong__9/arch-diagram,,4,1,1,24,no,2011-06-05,2011-06-05,Lower-priority full-history candidate; the only ranked-list appearance already has a play count.
3,single_capture_listing_count_no_metrics,Escape the Ship,http://www.kongregate.com/games/Speedychris/escape-the-ship,www.kongregate.com/games/speedychris/escape-the-ship,,4,1,1,252,no,2011-06-29,2011-06-29,Lower-priority full-history candidate; the only ranked-list appearance already has a play count.
3,single_capture_listing_count_no_metrics,Hidden Dungeons MMORPG,http://www.kongregate.com/games/PaperCup/hidden-dungeons-mmorpg,www.kongregate.com/games/papercup/hidden-dungeons-mmorpg,,4,1,1,4,no,2011-07-17,2011-07-17,Lower-priority full-history candidate; the only ranked-list appearance already has a play count.
3,single_capture_listing_count_no_metrics,Hidden Car Keys,http://www.kongregate.com/games/manchebt/hidden-car-keys,www.kongregate.com/games/manchebt/hidden-car-keys,,4,1,1,12,no,2012-11-01,2012-11-01,Lower-priority full-history candidate; the only ranked-list appearance already has a play count.
3,single_capture_listing_count_no_metrics,Modern War,http://www.kongregate.com/games/xiatiandaole/modern-war,www.kongregate.com/games/xiatiandaole/modern-war,215741,4,1,1,4,no,2014-07-26,2014-07-26,Lower-priority full-history candidate; the only ranked-list appearance already has a play count.
3,single_capture_listing_count_no_metrics,Countdown Striker,http://www.kongregate.com/games/anna54/countdown-striker,www.kongregate.com/games/anna54/countdown-striker,216002,4,1,1,94,no,2014-07-30,2014-07-30,Lower-priority full-history candidate; the only ranked-list appearance already has a play count.
3,single_capture_listing_count_no_metrics,Fiat Puzzle,http://www.kongregate.com/games/natalibt/fiat-puzzle,www.kongregate.com/games/natalibt/fiat-puzzle,217188,4,1,1,6,no,2014-08-11,2014-08-11,Lower-priority full-history candidate; the only ranked-list appearance already has a play count.
3,single_capture_listing_count_no_metrics,Crazy Chaotic Chicken Chase,http://www.kongregate.com/games/GrantJO/crazy-chaotic-chicken-chase,www.kongregate.com/games/grantjo/crazy-chaotic-chicken-chase,216608,4,1,1,8,no,2014-08-15,2014-08-15,Lower-priority full-history candidate; the only ranked-list appearance already has a play count.
3,single_capture_listing_count_no_metrics,Is your brother EVIL?!?,http://www.kongregate.com/games/AsianSensation3/is-your-brother-evil,www.kongregate.com/games/asiansensation3/is-your-brother-evil,,5,1,1,452,no,2010-10-22,2010-10-22,Lower-priority full-history candidate; the only ranked-list appearance already has a play count.
3,single_capture_listing_count_no_metrics,gold panic,http://www.kongregate.com/games/zoolumonkey/gold-panic,www.kongregate.com/games/zoolumonkey/gold-panic,,5,1,1,997,no,2011-01-11,2011-01-11,Lower-priority full-history candidate; the only ranked-list appearance already has a play count.
3,single_capture_listing_count_no_metrics,Back To Future-The Game,http://www.kongregate.com/games/wabala/back-to-future-the-game,www.kongregate.com/games/wabala/back-to-future-the-game,,5,1,1,103,no,2011-06-05,2011-06-05,Lower-priority full-history candidate; the only ranked-list appearance already has a play count.
3,single_capture_listing_count_no_metrics,Chaos Faction 2,http://www.kongregate.com/games/XxXMaleXxX/chaos-faction-2,www.kongregate.com/games/xxxmalexxx/chaos-faction-2,,5,1,1,133,no,2011-06-13,2011-06-13,Lower-priority full-history candidate; the only ranked-list appearance already has a play count.
3,single_capture_listing_count_no_metrics,Giraffe Coloring,http://www.kongregate.com/games/petee/giraffe-coloring,www.kongregate.com/games/petee/giraffe-coloring,,5,1,1,45,no,2011-07-10,2011-07-10,Lower-priority full-history candidate; the only ranked-list appearance already has a play count.
3,single_capture_listing_count_no_metrics,wolvorin,http://www.kongregate.com/games/medamine14/wolvorin,www.kongregate.com/games/medamine14/wolvorin,,5,1,1,73,no,2011-07-21,2011-07-21,Lower-priority full-history candidate; the only ranked-list appearance already has a play count.
3,single_capture_listing_count_no_metrics,Electric Man 2Hs,http://www.kongregate.com/games/DXInteractive/electric-man-2hs,www.kongregate.com/games/dxinteractive/electric-man-2hs,,5,1,1,8,no,2011-07-24,2011-07-24,Lower-priority full-history candidate; the only ranked-list appearance already has a play count.
3,single_capture_listing_count_no_metrics,REPLAY The Game,http://www.kongregate.com/games/5tea/replay-the-game,www.kongregate.com/games/5tea/replay-the-game,,5,1,1,99,no,2011-08-09,2011-08-09,Lower-priority full-history candidate; the only ranked-list appearance already has a play count.
3,single_capture_listing_count_no_metrics,Get Ready for the Horse Show,http://www.kongregate.com/games/games2girls/get-ready-for-the-horse-show,www.kongregate.com/games/games2girls/get-ready-for-the-horse-show,211379,5,1,1,8,no,2014-06-06,2014-06-06,Lower-priority full-history candidate; the only ranked-list appearance already has a play count.
3,single_capture_listing_count_no_metrics,Click the Squirrel,http://www.kongregate.com/games/HailSatanMeth420/click-the-squirrel,www.kongregate.com/games/hailsatanmeth420/click-the-squirrel,216144,5,1,1,14,no,2014-07-30,2014-07-30,Lower-priority full-history candidate; the only ranked-list appearance already has a play count.
3,single_capture_listing_count_no_metrics,Chat/Read!,http://www.kongregate.com/games/GMBL629/chat-read,www.kongregate.com/games/gmbl629/chat-read,,6,1,1,146,no,2010-10-22,2010-10-22,Lower-priority full-history candidate; the only ranked-list appearance already has a play count.
3,single_capture_listing_count_no_metrics,BearBoy and the Cursor,http://www.kongregate.com/games/TecknozThaBezt/bearboy-and-the-cursor,www.kongregate.com/games/tecknozthabezt/bearboy-and-the-cursor,,6,1,1,182,no,2011-04-05,2011-04-05,Lower-priority full-history candidate; the only ranked-list appearance already has a play count.
3,single_capture_listing_count_no_metrics,Ayla Cook: Picnic Menu,http://www.kongregate.com/games/games2girls/ayla-cook-picnic-menu,www.kongregate.com/games/games2girls/ayla-cook-picnic-menu,,6,1,1,45,no,2011-06-01,2011-06-01,Lower-priority full-history candidate; the only ranked-list appearance already has a play count.
3,single_capture_listing_count_no_metrics,Argentina y sus Provin...,http://www.kongregate.com/games/wabala/argentina-y-sus-provincias,www.kongregate.com/games/wabala/argentina-y-sus-provincias,,6,1,1,28,no,2011-06-05,2011-06-05,Lower-priority full-history candidate; the only ranked-list appearance already has a play count.
3,single_capture_listing_count_no_metrics,Ultimate doodle man,http://www.kongregate.com/games/KillerExis/ultimate-doodle-man,www.kongregate.com/games/killerexis/ultimate-doodle-man,,6,1,1,182,no,2011-07-21,2011-07-21,Lower-priority full-history candidate; the only ranked-list appearance already has a play count.
3,single_capture_listing_count_no_metrics,Xiao 4,http://www.kongregate.com/games/5tea/xiao-4,www.kongregate.com/games/5tea/xiao-4,,6,1,1,35,no,2011-08-09,2011-08-09,Lower-priority full-history candidate; the only ranked-list appearance already has a play count.
3,single_capture_listing_count_no_metrics,Jjj,http://www.kongregate.com/games/YoYBA/jjj,www.kongregate.com/games/yoyba/jjj,205975,6,1,1,20,no,2014-04-11,2014-04-11,Lower-priority full-history candidate; the only ranked-list appearance already has a play count.
3,single_capture_listing_count_no_metrics,super mario crossover,http://www.kongregate.com/games/bulletstorm100/super-mario-crossover,www.kongregate.com/games/bulletstorm100/super-mario-crossover,211376,6,1,1,11,no,2014-06-06,2014-06-06,Lower-priority full-history candidate; the only ranked-list appearance already has a play count.
3,single_capture_listing_count_no_metrics,Fruit Game,http://www.kongregate.com/games/romania356/fruit-game,www.kongregate.com/games/romania356/fruit-game,,7,1,1,15,no,2010-11-08,2010-11-08,Lower-priority full-history candidate; the only ranked-list appearance already has a play count.
3,single_capture_listing_count_no_metrics,Pizza Truck,http://www.kongregate.com/games/TecknozThaBezt/pizza-truck,www.kongregate.com/games/tecknozthabezt/pizza-truck,,7,1,1,367,no,2011-04-05,2011-04-05,Lower-priority full-history candidate; the only ranked-list appearance already has a play count.
3,single_capture_listing_count_no_metrics,The 10 Question Quiz 2!,http://www.kongregate.com/games/womalmonster/the-10-question-quiz-2,www.kongregate.com/games/womalmonster/the-10-question-quiz-2,,7,1,1,26,no,2011-07-17,2011-07-17,Lower-priority full-history candidate; the only ranked-list appearance already has a play count.
3,single_capture_listing_count_no_metrics,Fashion Expert,http://www.kongregate.com/games/games2girls/fashion-expert,www.kongregate.com/games/games2girls/fashion-expert,,7,1,1,7,no,2011-08-05,2011-08-05,Lower-priority full-history candidate; the only ranked-list appearance already has a play count.
3,single_capture_listing_count_no_metrics,The Game,http://www.kongregate.com/games/5tea/the-game,www.kongregate.com/games/5tea/the-game,,7,1,1,235,no,2011-08-09,2011-08-09,Lower-priority full-history candidate; the only ranked-list appearance already has a play count.
3,single_capture_listing_count_no_metrics,Sliding Plate Adventure,http://www.kongregate.com/games/qingfengges/sliding-plate-adventure,www.kongregate.com/games/qingfengges/sliding-plate-adventure,,7,1,1,17,no,2012-11-01,2012-11-01,Lower-priority full-history candidate; the only ranked-list appearance already has a play count.
3,single_capture_listing_count_no_metrics,Where's My Water Fighting Planes,http://www.kongregate.com/games/writerbianji/wheres-my-water-fighting-planes,www.kongregate.com/games/writerbianji/wheres-my-water-fighting-planes,212043,7,1,1,21,no,2014-06-13,2014-06-13,Lower-priority full-history candidate; the only ranked-list appearance already has a play count.
3,single_capture_listing_count_no_metrics,Dynamite Soccer Online,http://www.kongregate.com/games/solman02/dynamite-soccer-online,www.kongregate.com/games/solman02/dynamite-soccer-online,213233,7,1,1,16,no,2014-06-27,2014-06-27,Lower-priority full-history candidate; the only ranked-list appearance already has a play count.
3,single_capture_listing_count_no_metrics,Garage Rush,http://www.kongregate.com/games/games2girls/garage-rush,www.kongregate.com/games/games2girls/garage-rush,216356,7,1,1,12,no,2014-08-01,2014-08-01,Lower-priority full-history candidate; the only ranked-list appearance already has a play count.
3,single_capture_listing_count_no_metrics,"Maze, 2",http://www.kongregate.com/games/ic2000/maze-2,www.kongregate.com/games/ic2000/maze-2,,8,1,1,150,no,2010-11-23,2010-11-23,Lower-priority full-history candidate; the only ranked-list appearance already has a play count.
3,single_capture_listing_count_no_metrics,Platform Block Demo,http://www.kongregate.com/games/PickOnSomeone/platform-block-demo,www.kongregate.com/games/pickonsomeone/platform-block-demo,,8,1,1,176,no,2011-03-23,2011-03-23,Lower-priority full-history candidate; the only ranked-list appearance already has a play count.
3,single_capture_listing_count_no_metrics,Do Not Press,http://www.kongregate.com/games/fancygamer/do-not-press,www.kongregate.com/games/fancygamer/do-not-press,,8,1,1,294,no,2011-04-05,2011-04-05,Lower-priority full-history candidate; the only ranked-list appearance already has a play count.
3,single_capture_listing_count_no_metrics,Chain Gun Rex,http://www.kongregate.com/games/mokshal1663/chain-gun-rex,www.kongregate.com/games/mokshal1663/chain-gun-rex,,8,1,1,355,no,2011-05-28,2011-05-28,Lower-priority full-history candidate; the only ranked-list appearance already has a play count.
3,single_capture_listing_count_no_metrics,Fish Rush,http://www.kongregate.com/games/FkidsPR/fish-rush,www.kongregate.com/games/fkidspr/fish-rush,,8,1,1,386,no,2011-06-29,2011-06-29,Lower-priority full-history candidate; the only ranked-list appearance already has a play count.
3,single_capture_listing_count_no_metrics,The Bill Cosby Fun Game,http://www.kongregate.com/games/ctnumber1/the-bill-cosby-fun-game,www.kongregate.com/games/ctnumber1/the-bill-cosby-fun-game,,8,1,1,123,no,2011-07-05,2011-07-05,Lower-priority full-history candidate; the only ranked-list appearance already has a play count.
3,single_capture_listing_count_no_metrics,rocks vs gold version 1.4,http://www.kongregate.com/games/rand0mgamez/rocks-vs-gold-version-1-4,www.kongregate.com/games/rand0mgamez/rocks-vs-gold-version-1-4,,8,1,1,194,no,2011-08-13,2011-08-13,Lower-priority full-history candidate; the only ranked-list appearance already has a play count.
3,single_capture_listing_count_no_metrics,Quantum Of Light,http://www.kongregate.com/games/foumart/quantum-of-light,www.kongregate.com/games/foumart/quantum-of-light,217572,8,1,1,55,no,2014-08-16,2014-08-16,Lower-priority full-history candidate; the only ranked-list appearance already has a play count.
3,single_capture_listing_count_no_metrics,Robin the Archer in Pixeland,http://www.kongregate.com/games/slixmedia/robin-the-archer-in-pixeland,www.kongregate.com/games/slixmedia/robin-the-archer-in-pixeland,,9,1,1,299,no,2009-10-14,2009-10-14,Lower-priority full-history candidate; the only ranked-list appearance already has a play count.
3,single_capture_listing_count_no_metrics,Ninja Quest,http://www.kongregate.com/games/Sigit_Haryo/ninja-quest,www.kongregate.com/games/sigit_haryo/ninja-quest,,15,1,1,163,no,2009-10-14,2009-10-14,Lower-priority full-history candidate; the only ranked-list appearance already has a play count.
4,single_capture_no_listing_count_no_metrics,Last Warrior,http://www.kongregate.com/games/sstudioss/last-warrior,www.kongregate.com/games/sstudioss/last-warrior,219007,1,1,0,0,yes,2014-09-02,2014-09-02,Low-information gap; confirm the source row before spending scraper time.
4,single_capture_no_listing_count_no_metrics,SpaceWarrior,http://www.kongregate.com/games/listenme02/spacewarrior,www.kongregate.com/games/listenme02/spacewarrior,219820,1,1,0,0,yes,2014-09-12,2014-09-12,Low-information gap; confirm the source row before spending scraper time.
4,single_capture_no_listing_count_no_metrics,The Funniest Game Ever,http://www.kongregate.com/games/Creeptasticman/the-funniest-game-ever,www.kongregate.com/games/creeptasticman/the-funniest-game-ever,222948,1,1,0,0,yes,2014-10-24,2014-10-24,Low-information gap; confirm the source row before spending scraper time.
4,single_capture_no_listing_count_no_metrics,SuperBall Idle,http://www.kongregate.com/games/joao8991/superball-idle,www.kongregate.com/games/joao8991/superball-idle,259256,1,1,0,0,yes,2016-03-24,2016-03-24,Low-information gap; confirm the source row before spending scraper time.
4,single_capture_no_listing_count_no_metrics,The Saga Of The Wind Mobiles,http://www.kongregate.com/games/GhostTheFi/the-saga-of-the-wind-mobiles,www.kongregate.com/games/ghostthefi/the-saga-of-the-wind-mobiles,264673,1,1,0,0,yes,2016-06-29,2016-06-29,Low-information gap; confirm the source row before spending scraper time.
4,single_capture_no_listing_count_no_metrics,as3q32@gmail.com,http://www.kongregate.com/games/W3STS1DE/as3q32-gmail-com,www.kongregate.com/games/w3sts1de/as3q32-gmail-com,265089,1,1,0,0,yes,2016-07-07,2016-07-07,Low-information gap; confirm the source row before spending scraper time.
4,single_capture_no_listing_count_no_metrics,Make Me 10,http://www.kongregate.com/games/LinhVo1611/make-me-10,www.kongregate.com/games/linhvo1611/make-me-10,280876,1,1,0,0,yes,2017-05-16,2017-05-16,Low-information gap; confirm the source row before spending scraper time.
4,single_capture_no_listing_count_no_metrics,Key to Success,http://www.kongregate.com/games/SamuelVenable/key-to-success,www.kongregate.com/games/samuelvenable/key-to-success,281320,1,1,0,0,yes,2017-05-25,2017-05-25,Low-information gap; confirm the source row before spending scraper time.
4,single_capture_no_listing_count_no_metrics,Missiles Again,http://www.kongregate.com/games/mafagames/missiles-again,www.kongregate.com/games/mafagames/missiles-again,281370,1,1,0,0,yes,2017-05-26,2017-05-26,Low-information gap; confirm the source row before spending scraper time.
4,single_capture_no_listing_count_no_metrics,The Space Commando,http://www.kongregate.com/games/Eternal_Vanguard/the-space-commando,www.kongregate.com/games/eternal_vanguard/the-space-commando,284970,1,1,0,0,yes,2017-08-17,2017-08-17,Low-information gap; confirm the source row before spending scraper time.
4,single_capture_no_listing_count_no_metrics,Run Bird Run Online,http://www.kongregate.com/games/mafagames/run-bird-run-online,www.kongregate.com/games/mafagames/run-bird-run-online,285286,1,1,0,0,yes,2017-08-25,2017-08-25,Low-information gap; confirm the source row before spending scraper time.
4,single_capture_no_listing_count_no_metrics,Zombie Derby 2,http://www.kongregate.com/games/brvasil/zombie-derby-2,www.kongregate.com/games/brvasil/zombie-derby-2,282171,1,1,0,0,yes,2017-09-13,2017-09-13,Low-information gap; confirm the source row before spending scraper time.
4,single_capture_no_listing_count_no_metrics,Football Legends 2016,http://www.kongregate.com/games/CoralCnora/football-legends-2016,www.kongregate.com/games/coralcnora/football-legends-2016,286595,1,1,0,0,yes,2017-09-30,2017-09-30,Low-information gap; confirm the source row before spending scraper time.
4,single_capture_no_listing_count_no_metrics,LT-Breakout,http://www.kongregate.com/games/SandmanZA/lt-breakout,www.kongregate.com/games/sandmanza/lt-breakout,287432,1,1,0,0,yes,2017-10-24,2017-10-24,Low-information gap; confirm the source row before spending scraper time.
4,single_capture_no_listing_count_no_metrics,Surrounded,https://www.kongregate.com/games/JasonNumberXIII/surrounded,www.kongregate.com/games/jasonnumberxiii/surrounded,315795,1,1,0,0,yes,2021-11-12,2021-11-12,Low-information gap; confirm the source row before spending scraper time.
4,single_capture_no_listing_count_no_metrics,Talking Ginger Paw Caring,http://www.kongregate.com/games/wowsomegames/talking-ginger-paw-caring,www.kongregate.com/games/wowsomegames/talking-ginger-paw-caring,218739,2,1,0,0,yes,2014-08-29,2014-08-29,Low-information gap; confirm the source row before spending scraper time.
4,single_capture_no_listing_count_no_metrics,StormFall,http://www.kongregate.com/games/playman2/stormfall,www.kongregate.com/games/playman2/stormfall,219314,2,1,0,0,yes,2014-09-05,2014-09-05,Low-information gap; confirm the source row before spending scraper time.
4,single_capture_no_listing_count_no_metrics,Baby Talking Tom Bathing,http://www.kongregate.com/games/wowsomegames/baby-talking-tom-bathing,www.kongregate.com/games/wowsomegames/baby-talking-tom-bathing,219810,2,1,0,0,yes,2014-09-12,2014-09-12,Low-information gap; confirm the source row before spending scraper time.
4,single_capture_no_listing_count_no_metrics,Kns run,http://www.kongregate.com/games/hikkigamer/kns-run,www.kongregate.com/games/hikkigamer/kns-run,219951,2,1,0,0,yes,2014-09-20,2014-09-20,Low-information gap; confirm the source row before spending scraper time.
4,single_capture_no_listing_count_no_metrics,cuube,http://www.kongregate.com/games/dmarcy/cuube,www.kongregate.com/games/dmarcy/cuube,220791,2,1,0,0,yes,2014-09-26,2014-09-26,Low-information gap; confirm the source row before spending scraper time.
4,single_capture_no_listing_count_no_metrics,Caralhinhos Voadores - Age Of Delicia,http://www.kongregate.com/games/maxwell06/caralhinhos-voadores-age-of-delicia,www.kongregate.com/games/maxwell06/caralhinhos-voadores-age-of-delicia,221464,2,1,0,0,yes,2014-10-03,2014-10-03,Low-information gap; confirm the source row before spending scraper time.
4,single_capture_no_listing_count_no_metrics,path of the wingman,http://www.kongregate.com/games/fckn/path-of-the-wingman,www.kongregate.com/games/fckn/path-of-the-wingman,221942,2,1,0,0,yes,2014-10-24,2014-10-24,Low-information gap; confirm the source row before spending scraper time.
4,single_capture_no_listing_count_no_metrics,Nowere Safe 3,http://www.kongregate.com/games/LexZ1/nowere-safe-3,www.kongregate.com/games/lexz1/nowere-safe-3,223321,2,1,0,0,yes,2014-10-29,2014-10-29,Low-information gap; confirm the source row before spending scraper time.
4,single_capture_no_listing_count_no_metrics,Elsa And Anna Chinese Dress Up,http://www.kongregate.com/games/game4joy/elsa-and-anna-chinese-dress-up,www.kongregate.com/games/game4joy/elsa-and-anna-chinese-dress-up,235691,2,1,0,0,yes,2015-04-01,2015-04-01,Low-information gap; confirm the source row before spending scraper time.
4,single_capture_no_listing_count_no_metrics,Animator Vs Animation (BETA),http://www.kongregate.com/games/MyLittle1/animator-vs-animation-beta,www.kongregate.com/games/mylittle1/animator-vs-animation-beta,247507,2,1,0,0,yes,2015-09-09,2015-09-09,Low-information gap; confirm the source row before spending scraper time.
4,single_capture_no_listing_count_no_metrics,changetype(),http://www.kongregate.com/games/inventor_123/changetype,www.kongregate.com/games/inventor_123/changetype,248656,2,1,0,0,yes,2015-09-30,2015-09-30,Low-information gap; confirm the source row before spending scraper time.
4,single_capture_no_listing_count_no_metrics,CountryBalls 4,http://www.kongregate.com/games/NicoleWatterson/countryballs-4,www.kongregate.com/games/nicolewatterson/countryballs-4,258239,2,1,0,0,yes,2016-03-05,2016-03-05,Low-information gap; confirm the source row before spending scraper time.
4,single_capture_no_listing_count_no_metrics,Mini Jumper,http://www.kongregate.com/games/mafagames/mini-jumper,www.kongregate.com/games/mafagames/mini-jumper,258817,2,1,0,0,yes,2016-03-16,2016-03-16,Low-information gap; confirm the source row before spending scraper time.
4,single_capture_no_listing_count_no_metrics,dat boi,http://www.kongregate.com/games/Regone/dat-boi,www.kongregate.com/games/regone/dat-boi,262046,2,1,0,0,yes,2016-05-15,2016-05-15,Low-information gap; confirm the source row before spending scraper time.
4,single_capture_no_listing_count_no_metrics,Aston Martin Hidden Wheels,http://www.kongregate.com/games/natalibt/aston-martin-hidden-wheels,www.kongregate.com/games/natalibt/aston-martin-hidden-wheels,262521,2,1,0,0,yes,2016-05-24,2016-05-24,Low-information gap; confirm the source row before spending scraper time.
4,single_capture_no_listing_count_no_metrics,jhghj,http://www.kongregate.com/games/Ladybugluver/jhghj,www.kongregate.com/games/ladybugluver/jhghj,265087,2,1,0,0,yes,2016-07-07,2016-07-07,Low-information gap; confirm the source row before spending scraper time.
4,single_capture_no_listing_count_no_metrics,Dead Frontier,http://www.kongregate.com/games/PanRobercik/dead-frontier,www.kongregate.com/games/panrobercik/dead-frontier,266469,2,1,0,0,yes,2016-08-05,2016-08-05,Low-information gap; confirm the source row before spending scraper time.
4,single_capture_no_listing_count_no_metrics,Ballamos,http://www.kongregate.com/games/SherOnDale13/ballamos,www.kongregate.com/games/sherondale13/ballamos,269311,2,1,0,0,yes,2016-09-23,2016-09-23,Low-information gap; confirm the source row before spending scraper time.
4,single_capture_no_listing_count_no_metrics,Chevrolet Cruze Puzzle,http://www.kongregate.com/games/natalibt/chevrolet-cruze-puzzle,www.kongregate.com/games/natalibt/chevrolet-cruze-puzzle,270175,2,1,0,0,yes,2016-10-10,2016-10-10,Low-information gap; confirm the source row before spending scraper time.
4,single_capture_no_listing_count_no_metrics,Sky Knight,http://www.kongregate.com/games/mafagames/sky-knight,www.kongregate.com/games/mafagames/sky-knight,280875,2,1,0,0,yes,2017-05-16,2017-05-16,Low-information gap; confirm the source row before spending scraper time.
4,single_capture_no_listing_count_no_metrics,Horse Racing,http://www.kongregate.com/games/mafagames/horse-racing,www.kongregate.com/games/mafagames/horse-racing,281369,2,1,0,0,yes,2017-05-26,2017-05-26,Low-information gap; confirm the source row before spending scraper time.
4,single_capture_no_listing_count_no_metrics,Finger Spinner Online,http://www.kongregate.com/games/mafagames/finger-spinner-online,www.kongregate.com/games/mafagames/finger-spinner-online,282265,2,1,0,0,yes,2017-06-16,2017-06-16,Low-information gap; confirm the source row before spending scraper time.
4,single_capture_no_listing_count_no_metrics,Britney Spears vs Child Servisous,http://www.kongregate.com/games/thunderstorm38/britney-spears-vs-child-servisous,www.kongregate.com/games/thunderstorm38/britney-spears-vs-child-servisous,283727,2,1,0,0,yes,2017-07-20,2017-07-20,Low-information gap; confirm the source row before spending scraper time.
4,single_capture_no_listing_count_no_metrics,Cherrie New Spring Trends,http://www.kongregate.com/games/mafagames/cherrie-new-spring-trends,www.kongregate.com/games/mafagames/cherrie-new-spring-trends,285285,2,1,0,0,yes,2017-08-25,2017-08-25,Low-information gap; confirm the source row before spending scraper time.
4,single_capture_no_listing_count_no_metrics,Raze 3,http://www.kongregate.com/games/CoralCnora/raze-3,www.kongregate.com/games/coralcnora/raze-3,271124,2,1,0,0,yes,2017-09-30,2017-09-30,Low-information gap; confirm the source row before spending scraper time.
4,single_capture_no_listing_count_no_metrics,AstroLords,http://www.kongregate.com/games/rub_en02/astrolords,www.kongregate.com/games/rub_en02/astrolords,219313,3,1,0,0,yes,2014-09-05,2014-09-05,Low-information gap; confirm the source row before spending scraper time.
4,single_capture_no_listing_count_no_metrics,Register Simulator,http://www.kongregate.com/games/cheffplayer2/register-simulator,www.kongregate.com/games/cheffplayer2/register-simulator,220427,3,1,0,0,yes,2014-09-20,2014-09-20,Low-information gap; confirm the source row before spending scraper time.
4,single_capture_no_listing_count_no_metrics,A Kongergate Special,http://www.kongregate.com/games/NickJ66/a-kongergate-special,www.kongregate.com/games/nickj66/a-kongergate-special,221415,3,1,0,0,yes,2014-10-03,2014-10-03,Low-information gap; confirm the source row before spending scraper time.
4,single_capture_no_listing_count_no_metrics,Pokemon Kill 4,http://www.kongregate.com/games/NigelBoydMartin/pokemon-kill-4,www.kongregate.com/games/nigelboydmartin/pokemon-kill-4,221828,3,1,0,0,yes,2014-10-09,2014-10-09,Low-information gap; confirm the source row before spending scraper time.
4,single_capture_no_listing_count_no_metrics,Session Key Viewer,http://www.kongregate.com/games/disposableernst/session-key-viewer,www.kongregate.com/games/disposableernst/session-key-viewer,247680,3,1,0,0,yes,2015-09-15,2015-09-15,Low-information gap; confirm the source row before spending scraper time.
4,single_capture_no_listing_count_no_metrics,Vape Naysh Vs The Memes Beta1,http://www.kongregate.com/games/Life_Glug/vape-naysh-vs-the-memes-beta1,www.kongregate.com/games/life_glug/vape-naysh-vs-the-memes-beta1,263238,3,1,0,0,yes,2016-06-05,2016-06-05,Low-information gap; confirm the source row before spending scraper time.
4,single_capture_no_listing_count_no_metrics,ATV Ride 2016,http://www.kongregate.com/games/rheyank/atv-ride-2016,www.kongregate.com/games/rheyank/atv-ride-2016,267323,3,1,0,0,yes,2016-08-20,2016-08-20,Low-information gap; confirm the source row before spending scraper time.
4,single_capture_no_listing_count_no_metrics,SUV Car Cartoon Puzzle,http://www.kongregate.com/games/natalibt/suv-car-cartoon-puzzle,www.kongregate.com/games/natalibt/suv-car-cartoon-puzzle,270174,3,1,0,0,yes,2016-10-10,2016-10-10,Low-information gap; confirm the source row before spending scraper time.
4,single_capture_no_listing_count_no_metrics,Boat Rush,http://www.kongregate.com/games/mafagames/boat-rush,www.kongregate.com/games/mafagames/boat-rush,280874,3,1,0,0,yes,2017-05-16,2017-05-16,Low-information gap; confirm the source row before spending scraper time.
4,single_capture_no_listing_count_no_metrics,Defense Math,http://www.kongregate.com/games/mafagames/defense-math,www.kongregate.com/games/mafagames/defense-math,282264,3,1,0,0,yes,2017-06-16,2017-06-16,Low-information gap; confirm the source row before spending scraper time.
4,single_capture_no_listing_count_no_metrics,as3 Shootorial #1,http://www.kongregate.com/games/Max_Raze/as3-shootorial-1,www.kongregate.com/games/max_raze/as3-shootorial-1,285281,3,1,0,0,yes,2017-08-25,2017-08-25,Low-information gap; confirm the source row before spending scraper time.
4,single_capture_no_listing_count_no_metrics,Dot Snap Battle,http://www.kongregate.com/games/odiusfly/dot-snap-battle,www.kongregate.com/games/odiusfly/dot-snap-battle,286239,3,1,0,0,yes,2017-09-20,2017-09-20,Low-information gap; confirm the source row before spending scraper time.
4,single_capture_no_listing_count_no_metrics,CBS:Escape from the Mall,http://www.kongregate.com/games/cFreak19/cbs-escape-from-the-mall,www.kongregate.com/games/cfreak19/cbs-escape-from-the-mall,234656,3,1,0,0,yes,2021-11-12,2021-11-12,Low-information gap; confirm the source row before spending scraper time.
4,single_capture_no_listing_count_no_metrics,Rise of Mythos,http://www.kongregate.com/games/evrybody_02/rise-of-mythos,www.kongregate.com/games/evrybody_02/rise-of-mythos,220329,4,1,0,0,yes,2014-09-19,2014-09-19,Low-information gap; confirm the source row before spending scraper time.
4,single_capture_no_listing_count_no_metrics,Simple Platformer,http://www.kongregate.com/games/C00MZY/simple-platformer,www.kongregate.com/games/c00mzy/simple-platformer,224599,4,1,0,0,yes,2014-11-11,2014-11-11,Low-information gap; confirm the source row before spending scraper time.
4,single_capture_no_listing_count_no_metrics,Doom II: Hell on Earth,http://www.kongregate.com/games/predbannik/doom-ii-hell-on-earth,www.kongregate.com/games/predbannik/doom-ii-hell-on-earth,246890,4,1,0,0,yes,2015-09-09,2015-09-09,Low-information gap; confirm the source row before spending scraper time.
4,single_capture_no_listing_count_no_metrics,DoodiaMan Find Wife,http://www.kongregate.com/games/feicaigames/doodiaman-find-wife,www.kongregate.com/games/feicaigames/doodiaman-find-wife,254644,4,1,0,0,yes,2016-01-02,2016-01-02,Low-information gap; confirm the source row before spending scraper time.
4,single_capture_no_listing_count_no_metrics,1p.Story: Death,http://www.kongregate.com/games/isketchworks/1p-story-death,www.kongregate.com/games/isketchworks/1p-story-death,258811,4,1,0,0,yes,2016-03-16,2016-03-16,Low-information gap; confirm the source row before spending scraper time.
4,single_capture_no_listing_count_no_metrics,BMW M5 E34,http://www.kongregate.com/games/natalibt/bmw-m5-e34,www.kongregate.com/games/natalibt/bmw-m5-e34,261561,4,1,0,0,yes,2016-05-06,2016-05-06,Low-information gap; confirm the source row before spending scraper time.
4,single_capture_no_listing_count_no_metrics,Super Mario Worlds Ep.1: The Dark World (SMB Fan-made Game),http://www.kongregate.com/games/yvolcano4/super-mario-worlds-ep-1-the-dark-world-smb-fan-made-game,www.kongregate.com/games/yvolcano4/super-mario-worlds-ep-1-the-dark-world-smb-fan-made-game,269308,4,1,0,0,yes,2016-09-23,2016-09-23,Low-information gap; confirm the source row before spending scraper time.
4,single_capture_no_listing_count_no_metrics,Mr.Miner,http://www.kongregate.com/games/LinhVo1611/mr-miner,www.kongregate.com/games/linhvo1611/mr-miner,280815,4,1,0,0,yes,2017-05-16,2017-05-16,Low-information gap; confirm the source row before spending scraper time.
4,single_capture_no_listing_count_no_metrics,Balls Vs Blocks Online,http://www.kongregate.com/games/mafagames/balls-vs-blocks-online,www.kongregate.com/games/mafagames/balls-vs-blocks-online,282263,4,1,0,0,yes,2017-06-16,2017-06-16,Low-information gap; confirm the source row before spending scraper time.
4,single_capture_no_listing_count_no_metrics,Kung Fu Adventure,http://www.kongregate.com/games/thunderstorm38/kung-fu-adventure,www.kongregate.com/games/thunderstorm38/kung-fu-adventure,284024,4,1,0,0,yes,2017-07-28,2017-07-28,Low-information gap; confirm the source row before spending scraper time.
4,single_capture_no_listing_count_no_metrics,E-Sim,http://www.kongregate.com/games/evrybody_02/e-sim,www.kongregate.com/games/evrybody_02/e-sim,220328,5,1,0,0,yes,2014-09-19,2014-09-19,Low-information gap; confirm the source row before spending scraper time.
4,single_capture_no_listing_count_no_metrics,My Line Of Sight attempt from Construct 2,http://www.kongregate.com/games/LeBanging/my-line-of-sight-attempt-from-construct-2,www.kongregate.com/games/lebanging/my-line-of-sight-attempt-from-construct-2,220842,5,1,0,0,yes,2014-09-26,2014-09-26,Low-information gap; confirm the source row before spending scraper time.
4,single_capture_no_listing_count_no_metrics,Burnt Plate,http://www.kongregate.com/games/Courador/burnt-plate,www.kongregate.com/games/courador/burnt-plate,221322,5,1,0,0,yes,2014-10-04,2014-10-04,Low-information gap; confirm the source row before spending scraper time.
4,single_capture_no_listing_count_no_metrics,I'ts a lamp?,http://www.kongregate.com/games/EdoByte/its-a-lamp,www.kongregate.com/games/edobyte/its-a-lamp,223492,5,1,0,0,yes,2014-10-29,2014-10-29,Low-information gap; confirm the source row before spending scraper time.
4,single_capture_no_listing_count_no_metrics,Una Chief: The Great Adventure,http://www.kongregate.com/games/UCEG/una-chief-the-great-adventure,www.kongregate.com/games/uceg/una-chief-the-great-adventure,227746,5,1,0,0,yes,2014-12-17,2014-12-17,Low-information gap; confirm the source row before spending scraper time.
4,single_capture_no_listing_count_no_metrics,Spacebar v0.1,http://www.kongregate.com/games/SidBiafra/spacebar-v0-1,www.kongregate.com/games/sidbiafra/spacebar-v0-1,252851,5,1,0,0,yes,2015-12-05,2015-12-05,Low-information gap; confirm the source row before spending scraper time.
4,single_capture_no_listing_count_no_metrics,Whitewash,http://www.kongregate.com/games/GraveDangerGames/whitewash,www.kongregate.com/games/gravedangergames/whitewash,256476,5,1,0,0,yes,2016-02-02,2016-02-02,Low-information gap; confirm the source row before spending scraper time.
4,single_capture_no_listing_count_no_metrics,idk,http://www.kongregate.com/games/dakota1324/idk,www.kongregate.com/games/dakota1324/idk,257352,5,1,0,0,yes,2016-02-17,2016-02-17,Low-information gap; confirm the source row before spending scraper time.
4,single_capture_no_listing_count_no_metrics,Super Casual,http://www.kongregate.com/games/canvasgames/super-casual,www.kongregate.com/games/canvasgames/super-casual,258810,5,1,0,0,yes,2016-03-16,2016-03-16,Low-information gap; confirm the source row before spending scraper time.
4,single_capture_no_listing_count_no_metrics,Ghoul be Gone Demo,http://www.kongregate.com/games/PhoenixSong75/ghoul-be-gone-demo,www.kongregate.com/games/phoenixsong75/ghoul-be-gone-demo,259006,5,1,0,0,yes,2016-03-20,2016-03-20,Low-information gap; confirm the source row before spending scraper time.
4,single_capture_no_listing_count_no_metrics,UFC 198 Live Stream - Werdum vs Miocic,http://www.kongregate.com/games/ketroketro/test-ufc-198-live-stream-werdum-vs-miocic,www.kongregate.com/games/ketroketro/test-ufc-198-live-stream-werdum-vs-miocic,262058,5,1,0,0,yes,2016-05-15,2016-05-15,Low-information gap; confirm the source row before spending scraper time.
4,single_capture_no_listing_count_no_metrics,quangjing,http://www.kongregate.com/games/1207732597/quangjing,www.kongregate.com/games/1207732597/quangjing,264246,5,1,0,0,yes,2016-06-22,2016-06-22,Low-information gap; confirm the source row before spending scraper time.
4,single_capture_no_listing_count_no_metrics,Create your face with this stupid game,http://www.kongregate.com/games/danwon67/create-your-face-with-this-stupid-game,www.kongregate.com/games/danwon67/create-your-face-with-this-stupid-game,266041,5,1,0,0,yes,2016-07-27,2016-07-27,Low-information gap; confirm the source row before spending scraper time.
4,single_capture_no_listing_count_no_metrics,Hired Ops — New Dynamic Online Shooter,http://www.kongregate.com/games/MunimShaikh932/hired-ops-new-dynamic-online-shooter,www.kongregate.com/games/munimshaikh932/hired-ops-new-dynamic-online-shooter,271161,5,1,0,0,yes,2016-10-30,2016-10-30,Low-information gap; confirm the source row before spending scraper time.
4,single_capture_no_listing_count_no_metrics,Viking Workout,http://www.kongregate.com/games/mobilTR/viking-workout,www.kongregate.com/games/mobiltr/viking-workout,287918,5,1,0,0,yes,2017-11-06,2017-11-06,Low-information gap; confirm the source row before spending scraper time.
4,single_capture_no_listing_count_no_metrics,AstroWorlds,http://www.kongregate.com/games/bystudio02/astroworlds,www.kongregate.com/games/bystudio02/astroworlds,218730,6,1,0,0,yes,2014-08-29,2014-08-29,Low-information gap; confirm the source row before spending scraper time.
4,single_capture_no_listing_count_no_metrics,Peppa Zoo Decor,http://www.kongregate.com/games/lemonindieg/peppa-zoo-decor,www.kongregate.com/games/lemonindieg/peppa-zoo-decor,222211,6,1,0,0,yes,2014-10-13,2014-10-13,Low-information gap; confirm the source row before spending scraper time.
4,single_capture_no_listing_count_no_metrics,Teste mark 2,http://www.kongregate.com/games/MateusF29/teste-mark-2,www.kongregate.com/games/mateusf29/teste-mark-2,248542,6,1,0,0,yes,2015-09-30,2015-09-30,Low-information gap; confirm the source row before spending scraper time.
4,single_capture_no_listing_count_no_metrics,Bubble Shooter Rotation Xmas,http://www.kongregate.com/games/omkara/bubble-shooter-rotation-xmas,www.kongregate.com/games/omkara/bubble-shooter-rotation-xmas,253832,6,1,0,0,yes,2015-12-18,2015-12-18,Low-information gap; confirm the source row before spending scraper time.
4,single_capture_no_listing_count_no_metrics,The Super Casual Game,http://www.kongregate.com/games/esaffer/the-super-casual-game,www.kongregate.com/games/esaffer/the-super-casual-game,258800,6,1,0,0,yes,2016-03-16,2016-03-16,Low-information gap; confirm the source row before spending scraper time.
4,single_capture_no_listing_count_no_metrics,quang,http://www.kongregate.com/games/1207732597/quang,www.kongregate.com/games/1207732597/quang,264251,6,1,0,0,yes,2016-06-22,2016-06-22,Low-information gap; confirm the source row before spending scraper time.
4,single_capture_no_listing_count_no_metrics,EndGame,http://www.kongregate.com/games/SnowdonGames/endgame,www.kongregate.com/games/snowdongames/endgame,266036,6,1,0,0,yes,2016-07-27,2016-07-27,Low-information gap; confirm the source row before spending scraper time.
4,single_capture_no_listing_count_no_metrics,Will's Quest For Cheese,http://www.kongregate.com/games/thebartyparty/wills-quest-for-cheese,www.kongregate.com/games/thebartyparty/wills-quest-for-cheese,270511,6,1,0,0,yes,2016-10-18,2016-10-18,Low-information gap; confirm the source row before spending scraper time.
4,single_capture_no_listing_count_no_metrics,Kuzini.comgnom,http://www.kongregate.com/games/iPTNZW/kuzini-comgnom,www.kongregate.com/games/iptnzw/kuzini-comgnom,270784,6,1,0,0,yes,2016-10-24,2016-10-24,Low-information gap; confirm the source row before spending scraper time.
4,single_capture_no_listing_count_no_metrics,American Cars Memory,http://www.kongregate.com/games/natalibt/american-cars-memory,www.kongregate.com/games/natalibt/american-cars-memory,281305,6,1,0,0,yes,2017-05-25,2017-05-25,Low-information gap; confirm the source row before spending scraper time.
4,single_capture_no_listing_count_no_metrics,Naruto Suspend,http://www.kongregate.com/games/thunderstorm38/naruto-suspend,www.kongregate.com/games/thunderstorm38/naruto-suspend,284023,6,1,0,0,yes,2017-07-28,2017-07-28,Low-information gap; confirm the source row before spending scraper time.
4,single_capture_no_listing_count_no_metrics,Extreme Battlefield,http://www.kongregate.com/games/thunderstorm38/extreme-battlefield,www.kongregate.com/games/thunderstorm38/extreme-battlefield,284061,6,1,0,0,yes,2017-07-29,2017-07-29,Low-information gap; confirm the source row before spending scraper time.
4,single_capture_no_listing_count_no_metrics,Seasonal Farming,http://www.kongregate.com/games/phacanu/seasonal-farming,www.kongregate.com/games/phacanu/seasonal-farming,285279,6,1,0,0,yes,2017-08-25,2017-08-25,Low-information gap; confirm the source row before spending scraper time.
4,single_capture_no_listing_count_no_metrics,Blocky Warrior,http://www.kongregate.com/games/mobilTR/blocky-warrior,www.kongregate.com/games/mobiltr/blocky-warrior,287916,6,1,0,0,yes,2017-11-06,2017-11-06,Low-information gap; confirm the source row before spending scraper time.
4,single_capture_no_listing_count_no_metrics,Hummer Puzzle,http://www.kongregate.com/games/natalibt/hummer-puzzle,www.kongregate.com/games/natalibt/hummer-puzzle,227112,7,1,0,0,yes,2014-12-10,2014-12-10,Low-information gap; confirm the source row before spending scraper time.
4,single_capture_no_listing_count_no_metrics,Sands of Doom,http://www.kongregate.com/games/szunyi/sands-of-doom,www.kongregate.com/games/szunyi/sands-of-doom,228611,7,1,0,0,yes,2014-12-28,2014-12-28,Low-information gap; confirm the source row before spending scraper time.
4,single_capture_no_listing_count_no_metrics,Teste1,http://www.kongregate.com/games/MateusF29/teste1,www.kongregate.com/games/mateusf29/teste1,248541,7,1,0,0,yes,2015-09-30,2015-09-30,Low-information gap; confirm the source row before spending scraper time.
4,single_capture_no_listing_count_no_metrics,FidgetFuck,http://www.kongregate.com/games/FlyingHighSecond/fidgetfuck,www.kongregate.com/games/flyinghighsecond/fidgetfuck,281592,7,1,0,0,yes,2017-06-04,2017-06-04,Low-information gap; confirm the source row before spending scraper time.
4,single_capture_no_listing_count_no_metrics,Right Box,http://www.kongregate.com/games/mafagames/right-box,www.kongregate.com/games/mafagames/right-box,282260,7,1,0,0,yes,2017-06-16,2017-06-16,Low-information gap; confirm the source row before spending scraper time.
4,single_capture_no_listing_count_no_metrics,Ball In The Cup,http://www.kongregate.com/games/mafagames/ball-in-the-cup,www.kongregate.com/games/mafagames/ball-in-the-cup,283360,7,1,0,0,yes,2017-07-12,2017-07-12,Low-information gap; confirm the source row before spending scraper time.
4,single_capture_no_listing_count_no_metrics,Litter Monkey,http://www.kongregate.com/games/thunderstorm38/litter-monkey,www.kongregate.com/games/thunderstorm38/litter-monkey,284022,7,1,0,0,yes,2017-07-28,2017-07-28,Low-information gap; confirm the source row before spending scraper time.
4,single_capture_no_listing_count_no_metrics,Treasure Hunt,http://www.kongregate.com/games/thunderstorm38/treasure-hunt,www.kongregate.com/games/thunderstorm38/treasure-hunt,284052,7,1,0,0,yes,2017-07-29,2017-07-29,Low-information gap; confirm the source row before spending scraper time.
4,single_capture_no_listing_count_no_metrics,Cloaked,http://www.kongregate.com/games/yvolcano4/cloaked,www.kongregate.com/games/yvolcano4/cloaked,284688,7,1,0,0,yes,2017-08-11,2017-08-11,Low-information gap; confirm the source row before spending scraper time.
4,single_capture_no_listing_count_no_metrics,Dragon Dash,http://www.kongregate.com/games/mobilTR/dragon-dash,www.kongregate.com/games/mobiltr/dragon-dash,287915,7,1,0,0,yes,2017-11-06,2017-11-06,Low-information gap; confirm the source row before spending scraper time.
4,single_capture_no_listing_count_no_metrics,Samsung KNOX,http://www.kongregate.com/games/CS_Dx/samsung-knox,www.kongregate.com/games/cs_dx/samsung-knox,218716,8,1,0,0,yes,2014-08-29,2014-08-29,Low-information gap; confirm the source row before spending scraper time.
4,single_capture_no_listing_count_no_metrics,Baby Talking Tom Great Makeover,http://www.kongregate.com/games/wowsomegames/baby-talking-tom-great-makeover,www.kongregate.com/games/wowsomegames/baby-talking-tom-great-makeover,221977,8,1,0,0,yes,2014-10-10,2014-10-10,Low-information gap; confirm the source row before spending scraper time.
4,single_capture_no_listing_count_no_metrics,Super Mario Puzzle,http://www.kongregate.com/games/natalibt/super-mario-puzzle,www.kongregate.com/games/natalibt/super-mario-puzzle,222205,8,1,0,0,yes,2014-10-13,2014-10-13,Low-information gap; confirm the source row before spending scraper time.
4,single_capture_no_listing_count_no_metrics,Terrorist Hunt,http://www.kongregate.com/games/szunyi/terrorist-hunt,www.kongregate.com/games/szunyi/terrorist-hunt,228606,8,1,0,0,yes,2014-12-28,2014-12-28,Low-information gap; confirm the source row before spending scraper time.
4,single_capture_no_listing_count_no_metrics,Wolfenstein 3D,http://www.kongregate.com/games/PaulHTML5/wolfenstein-3d,www.kongregate.com/games/paulhtml5/wolfenstein-3d,246302,8,1,0,0,yes,2015-09-03,2015-09-03,Low-information gap; confirm the source row before spending scraper time.
4,single_capture_no_listing_count_no_metrics,Love Story,http://www.kongregate.com/games/gamesrishti/love-story,www.kongregate.com/games/gamesrishti/love-story,247495,8,1,0,0,yes,2015-09-09,2015-09-09,Low-information gap; confirm the source row before spending scraper time.
4,single_capture_no_listing_count_no_metrics,Jogo Machão,http://www.kongregate.com/games/Beetle1/jogo-mach-o,www.kongregate.com/games/beetle1/jogo-mach-o,248512,8,1,0,0,yes,2015-09-30,2015-09-30,Low-information gap; confirm the source row before spending scraper time.
4,single_capture_no_listing_count_no_metrics,Untitled Game #1,http://www.kongregate.com/games/vswitch/untitled-game-1,www.kongregate.com/games/vswitch/untitled-game-1,253533,8,1,0,0,yes,2016-01-16,2016-01-16,Low-information gap; confirm the source row before spending scraper time.
4,single_capture_no_listing_count_no_metrics,Minifield,http://www.kongregate.com/games/JasonNumberXIII/minifield,www.kongregate.com/games/jasonnumberxiii/minifield,281771,8,1,0,0,yes,2017-06-25,2017-06-25,Low-information gap; confirm the source row before spending scraper time.
4,single_capture_no_listing_count_no_metrics,Mighty Motors - Drag Racing,http://www.kongregate.com/games/mobilTR/mighty-motors-drag-racing,www.kongregate.com/games/mobiltr/mighty-motors-drag-racing,287913,8,1,0,0,yes,2017-11-06,2017-11-06,Low-information gap; confirm the source row before spending scraper time.
4,single_capture_no_listing_count_no_metrics,Honey Clicker,https://www.kongregate.com/games/RedBot360/honey-clicker,www.kongregate.com/games/redbot360/honey-clicker,311316,8,1,0,0,yes,2019-08-25,2019-08-25,Low-information gap; confirm the source row before spending scraper time.
4,single_capture_no_listing_count_no_metrics,Marketglory,http://www.kongregate.com/games/breakdo/marketglory,www.kongregate.com/games/breakdo/marketglory,218959,9,1,0,0,yes,2014-09-02,2014-09-02,Low-information gap; confirm the source row before spending scraper time.
4,single_capture_no_listing_count_no_metrics,Costanza Cube 2,http://www.kongregate.com/games/dmarcy/costanza-cube-2,www.kongregate.com/games/dmarcy/costanza-cube-2,220830,9,1,0,0,yes,2014-09-26,2014-09-26,Low-information gap; confirm the source row before spending scraper time.
4,single_capture_no_listing_count_no_metrics,space mision alpha v1.0 3D,http://www.kongregate.com/games/fckn/space-mision-alpha-v1-0-3d,www.kongregate.com/games/fckn/space-mision-alpha-v1-0-3d,221789,9,1,0,0,yes,2014-10-09,2014-10-09,Low-information gap; confirm the source row before spending scraper time.
4,single_capture_no_listing_count_no_metrics,Clear Vision 3,http://www.kongregate.com/games/szunyi/clear-vision-3,www.kongregate.com/games/szunyi/clear-vision-3,228605,9,1,0,0,yes,2014-12-28,2014-12-28,Low-information gap; confirm the source row before spending scraper time.
4,single_capture_no_listing_count_no_metrics,The stupid Quiz,http://www.kongregate.com/games/Deheeteapple/the-stupid-quiz,www.kongregate.com/games/deheeteapple/the-stupid-quiz,254366,9,1,0,0,yes,2016-01-16,2016-01-16,Low-information gap; confirm the source row before spending scraper time.
4,single_capture_no_listing_count_no_metrics,Monster Shooter,http://www.kongregate.com/games/asad_marmash/monster-shooter,www.kongregate.com/games/asad_marmash/monster-shooter,257346,9,1,0,0,yes,2016-02-17,2016-02-17,Low-information gap; confirm the source row before spending scraper time.
4,single_capture_no_listing_count_no_metrics,Suns and Clouds,http://www.kongregate.com/games/LocoDiamond/suns-and-clouds,www.kongregate.com/games/locodiamond/suns-and-clouds,264653,9,1,0,0,yes,2016-06-29,2016-06-29,Low-information gap; confirm the source row before spending scraper time.
4,single_capture_no_listing_count_no_metrics,Coding Masters: Idle,http://www.kongregate.com/games/JGGsGames/coding-masters-idle,www.kongregate.com/games/jggsgames/coding-masters-idle,266851,9,1,0,0,yes,2016-08-13,2016-08-13,Low-information gap; confirm the source row before spending scraper time.
4,single_capture_no_listing_count_no_metrics,Plutonium quest,http://www.kongregate.com/games/arielroler/plutonium-quest,www.kongregate.com/games/arielroler/plutonium-quest,271150,9,1,0,0,yes,2016-10-30,2016-10-30,Low-information gap; confirm the source row before spending scraper time.
4,single_capture_no_listing_count_no_metrics,Plumber,http://www.kongregate.com/games/mafagames/plumber,www.kongregate.com/games/mafagames/plumber,283359,9,1,0,0,yes,2017-07-12,2017-07-12,Low-information gap; confirm the source row before spending scraper time.
4,single_capture_no_listing_count_no_metrics,Flying Bird,http://www.kongregate.com/games/sherazbhatti226/flying-bird,www.kongregate.com/games/sherazbhatti226/flying-bird,284056,9,1,0,0,yes,2017-07-29,2017-07-29,Low-information gap; confirm the source row before spending scraper time.
4,single_capture_no_listing_count_no_metrics,Spongebob Zombies Party,http://www.kongregate.com/games/feicaigames/spongebob-zombies-party,www.kongregate.com/games/feicaigames/spongebob-zombies-party,284961,9,1,0,0,yes,2017-08-17,2017-08-17,Low-information gap; confirm the source row before spending scraper time.
4,single_capture_no_listing_count_no_metrics,Oldschool tennis (pre-pre-BETA!),http://www.kongregate.com/games/ManCave_Studios/oldschool-tennis-pre-pre-beta,www.kongregate.com/games/mancave_studios/oldschool-tennis-pre-pre-beta,221814,10,1,0,0,yes,2014-10-09,2014-10-09,Low-information gap; confirm the source row before spending scraper time.
4,single_capture_no_listing_count_no_metrics,Terrorist Shootout,http://www.kongregate.com/games/gamesrishti/terrorist-shootout,www.kongregate.com/games/gamesrishti/terrorist-shootout,221969,10,1,0,0,yes,2014-10-10,2014-10-10,Low-information gap; confirm the source row before spending scraper time.
4,single_capture_no_listing_count_no_metrics,Moto Rush,http://www.kongregate.com/games/szunyi/moto-rush,www.kongregate.com/games/szunyi/moto-rush,228602,10,1,0,0,yes,2014-12-28,2014-12-28,Low-information gap; confirm the source row before spending scraper time.
4,single_capture_no_listing_count_no_metrics,Fiat Police Puzzle,http://www.kongregate.com/games/natalibt/fiat-police-puzzle,www.kongregate.com/games/natalibt/fiat-police-puzzle,247849,10,1,0,0,yes,2015-09-15,2015-09-15,Low-information gap; confirm the source row before spending scraper time.
4,single_capture_no_listing_count_no_metrics,Cadillac Police Puzzle,http://www.kongregate.com/games/natalibt/cadillac-police-puzzle,www.kongregate.com/games/natalibt/cadillac-police-puzzle,248312,10,1,0,0,yes,2015-09-23,2015-09-23,Low-information gap; confirm the source row before spending scraper time.
4,single_capture_no_listing_count_no_metrics,stupid quiz,http://www.kongregate.com/games/deheeteappel/stupid-quiz,www.kongregate.com/games/deheeteappel/stupid-quiz,254368,10,1,0,0,yes,2016-01-16,2016-01-16,Low-information gap; confirm the source row before spending scraper time.
4,single_capture_no_listing_count_no_metrics,AU Modern FPS,http://www.kongregate.com/games/OneManArmy3D/au-modern-fps,www.kongregate.com/games/onemanarmy3d/au-modern-fps,255981,10,1,0,0,yes,2016-01-25,2016-01-25,Low-information gap; confirm the source row before spending scraper time.
4,single_capture_no_listing_count_no_metrics,GeneSplicer: Hybrid Creator,http://www.kongregate.com/games/yvolcano4/genesplicer-hybrid-creator,www.kongregate.com/games/yvolcano4/genesplicer-hybrid-creator,258990,10,1,0,0,yes,2016-03-20,2016-03-20,Low-information gap; confirm the source row before spending scraper time.
4,single_capture_no_listing_count_no_metrics,The Last Defence 2,http://www.kongregate.com/games/siddharth1281998/the-last-defence-2,www.kongregate.com/games/siddharth1281998/the-last-defence-2,263704,10,1,0,0,yes,2016-06-13,2016-06-13,Low-information gap; confirm the source row before spending scraper time.
4,single_capture_no_listing_count_no_metrics,The Saga Of The Wind,http://www.kongregate.com/games/GhostTheFi/the-saga-of-the-wind,www.kongregate.com/games/ghostthefi/the-saga-of-the-wind,264648,10,1,0,0,yes,2016-06-29,2016-06-29,Low-information gap; confirm the source row before spending scraper time.
4,single_capture_no_listing_count_no_metrics,Phantom Reverse Episode 2,http://www.kongregate.com/games/JackAstral/phantom-reverse-episode-2,www.kongregate.com/games/jackastral/phantom-reverse-episode-2,281362,10,1,0,0,yes,2017-05-26,2017-05-26,Low-information gap; confirm the source row before spending scraper time.
4,single_capture_no_listing_count_no_metrics,Fidget Clicker,http://www.kongregate.com/games/Tatemartin/fidget-clicker,www.kongregate.com/games/tatemartin/fidget-clicker,281728,10,1,0,0,yes,2017-06-04,2017-06-04,Low-information gap; confirm the source row before spending scraper time.
4,single_capture_no_listing_count_no_metrics,Fidget Spinner Bros,http://www.kongregate.com/games/mafagames/fidget-spinner-bros,www.kongregate.com/games/mafagames/fidget-spinner-bros,283358,10,1,0,0,yes,2017-07-12,2017-07-12,Low-information gap; confirm the source row before spending scraper time.
4,single_capture_no_listing_count_no_metrics,Volkswagen Golf 2,http://www.kongregate.com/games/natalibt/volkswagen-golf-2,www.kongregate.com/games/natalibt/volkswagen-golf-2,286232,10,1,0,0,yes,2017-09-20,2017-09-20,Low-information gap; confirm the source row before spending scraper time.
4,single_capture_no_listing_count_no_metrics,Kaedemus,http://www.kongregate.com/games/Mirakus/kaedemus,www.kongregate.com/games/mirakus/kaedemus,286830,10,1,0,0,yes,2017-10-08,2017-10-08,Low-information gap; confirm the source row before spending scraper time.
4,single_capture_no_listing_count_no_metrics,Castles N' Knights,https://www.kongregate.com/games/RedBot360/castles-n-knights,www.kongregate.com/games/redbot360/castles-n-knights,311176,10,1,0,0,yes,2019-08-25,2019-08-25,Low-information gap; confirm the source row before spending scraper time.
4,single_capture_no_listing_count_no_metrics,StrormFall,http://www.kongregate.com/games/havetime02/strormfall,www.kongregate.com/games/havetime02/strormfall,219000,11,1,0,0,yes,2014-09-02,2014-09-02,Low-information gap; confirm the source row before spending scraper time.
4,single_capture_no_listing_count_no_metrics,Stalked Incubus,http://www.kongregate.com/games/HendrikSchiffer/stalked-incubus,www.kongregate.com/games/hendrikschiffer/stalked-incubus,222502,11,1,0,0,yes,2014-10-17,2014-10-17,Low-information gap; confirm the source row before spending scraper time.
4,single_capture_no_listing_count_no_metrics,Jaguar Puzzle,http://www.kongregate.com/games/natalibt/jaguar-puzzle,www.kongregate.com/games/natalibt/jaguar-puzzle,227782,11,1,0,0,yes,2014-12-17,2014-12-17,Low-information gap; confirm the source row before spending scraper time.
4,single_capture_no_listing_count_no_metrics,Dental Surgery,http://www.kongregate.com/games/szunyi/dental-surgery,www.kongregate.com/games/szunyi/dental-surgery,228601,11,1,0,0,yes,2014-12-28,2014-12-28,Low-information gap; confirm the source row before spending scraper time.
4,single_capture_no_listing_count_no_metrics,100 tons of Coal,http://www.kongregate.com/games/Palazoles/100-tons-of-coal,www.kongregate.com/games/palazoles/100-tons-of-coal,247845,11,1,0,0,yes,2015-09-15,2015-09-15,Low-information gap; confirm the source row before spending scraper time.
4,single_capture_no_listing_count_no_metrics,basic car behavior,http://www.kongregate.com/games/munoz20/basic-car-behavior,www.kongregate.com/games/munoz20/basic-car-behavior,254333,11,1,0,0,yes,2015-12-26,2015-12-26,Low-information gap; confirm the source row before spending scraper time.
4,single_capture_no_listing_count_no_metrics,Color Switch,http://www.kongregate.com/games/OneOnlineGames/color-switch,www.kongregate.com/games/oneonlinegames/color-switch,257172,11,1,0,0,yes,2016-02-17,2016-02-17,Low-information gap; confirm the source row before spending scraper time.
4,single_capture_no_listing_count_no_metrics,Ford Hidden Car Tires,http://www.kongregate.com/games/natalibt/ford-hidden-car-tires,www.kongregate.com/games/natalibt/ford-hidden-car-tires,265387,11,1,0,0,yes,2016-07-14,2016-07-14,Low-information gap; confirm the source row before spending scraper time.
4,single_capture_no_listing_count_no_metrics,Heroes of Myths,http://www.kongregate.com/games/robbert4/heroes-of-myths,www.kongregate.com/games/robbert4/heroes-of-myths,280345,11,1,0,0,yes,2017-05-05,2017-05-05,Low-information gap; confirm the source row before spending scraper time.
4,single_capture_no_listing_count_no_metrics,Plants vs. Zombies: Apocalypse,http://www.kongregate.com/games/jonthegreat711/plants-vs-zombies-apocalypse,www.kongregate.com/games/jonthegreat711/plants-vs-zombies-apocalypse,283356,11,1,0,0,yes,2017-07-12,2017-07-12,Low-information gap; confirm the source row before spending scraper time.
4,single_capture_no_listing_count_no_metrics,Bottle Flip Challenge,http://www.kongregate.com/games/mafagames/bottle-flip-challenge,www.kongregate.com/games/mafagames/bottle-flip-challenge,286228,11,1,0,0,yes,2017-09-20,2017-09-20,Low-information gap; confirm the source row before spending scraper time.
4,single_capture_no_listing_count_no_metrics,BigFarm Online(Sweden),http://www.kongregate.com/games/surre02/bigfarm-online-sweden,www.kongregate.com/games/surre02/bigfarm-online-sweden,219291,12,1,0,0,yes,2014-09-05,2014-09-05,Low-information gap; confirm the source row before spending scraper time.
4,single_capture_no_listing_count_no_metrics,Zinku - Kuiz nga Kimia,http://www.kongregate.com/games/del7244009/zinku-kuiz-nga-kimia,www.kongregate.com/games/del7244009/zinku-kuiz-nga-kimia,246820,12,1,0,0,yes,2015-09-03,2015-09-03,Low-information gap; confirm the source row before spending scraper time.
4,single_capture_no_listing_count_no_metrics,Alfa Romeo Brera Puzzle,http://www.kongregate.com/games/natalibt/alfa-romeo-brera-puzzle,www.kongregate.com/games/natalibt/alfa-romeo-brera-puzzle,248308,12,1,0,0,yes,2015-09-23,2015-09-23,Low-information gap; confirm the source row before spending scraper time.
4,single_capture_no_listing_count_no_metrics,Powerblocks,http://www.kongregate.com/games/mafagames/powerblocks,www.kongregate.com/games/mafagames/powerblocks,262433,12,1,0,0,yes,2016-05-23,2016-05-23,Low-information gap; confirm the source row before spending scraper time.
4,single_capture_no_listing_count_no_metrics,Virus Attack,http://www.kongregate.com/games/mafagames/virus-attack,www.kongregate.com/games/mafagames/virus-attack,262503,12,1,0,0,yes,2016-05-24,2016-05-24,Low-information gap; confirm the source row before spending scraper time.
4,single_capture_no_listing_count_no_metrics,Dinamic Chess,http://www.kongregate.com/games/niconosave/dinamic-chess,www.kongregate.com/games/niconosave/dinamic-chess,269889,12,1,0,0,yes,2016-10-04,2016-10-04,Low-information gap; confirm the source row before spending scraper time.
4,single_capture_no_listing_count_no_metrics,Paradise,http://www.kongregate.com/games/spacegrid/paradise,www.kongregate.com/games/spacegrid/paradise,281246,12,1,0,0,yes,2017-05-25,2017-05-25,Low-information gap; confirm the source row before spending scraper time.
4,single_capture_no_listing_count_no_metrics,You Are Getting Tired,http://www.kongregate.com/games/SelfishDream/you-are-getting-tired,www.kongregate.com/games/selfishdream/you-are-getting-tired,282251,12,1,0,0,yes,2017-06-16,2017-06-16,Low-information gap; confirm the source row before spending scraper time.
4,single_capture_no_listing_count_no_metrics,Agents of Mayhem: Splatter Effect,http://www.kongregate.com/games/rheyank/agents-of-mayhem-splatter-effect,www.kongregate.com/games/rheyank/agents-of-mayhem-splatter-effect,284009,12,1,0,0,yes,2017-07-28,2017-07-28,Low-information gap; confirm the source row before spending scraper time.
4,single_capture_no_listing_count_no_metrics,Freekick Training,http://www.kongregate.com/games/mafagames/freekick-training,www.kongregate.com/games/mafagames/freekick-training,285946,12,1,0,0,yes,2017-09-13,2017-09-13,Low-information gap; confirm the source row before spending scraper time.
4,single_capture_no_listing_count_no_metrics,Zombie Buster,http://www.kongregate.com/games/mafagames/zombie-buster,www.kongregate.com/games/mafagames/zombie-buster,286227,12,1,0,0,yes,2017-09-20,2017-09-20,Low-information gap; confirm the source row before spending scraper time.
4,single_capture_no_listing_count_no_metrics,GravityHunt,http://www.kongregate.com/games/GravityHunt/gravityhunt,www.kongregate.com/games/gravityhunt/gravityhunt,219855,13,1,0,0,yes,2014-09-14,2014-09-14,Low-information gap; confirm the source row before spending scraper time.
4,single_capture_no_listing_count_no_metrics,Plants Attack,http://www.kongregate.com/games/xiatiandaole/plants-attack,www.kongregate.com/games/xiatiandaole/plants-attack,221966,13,1,0,0,yes,2014-10-10,2014-10-10,Low-information gap; confirm the source row before spending scraper time.
4,single_capture_no_listing_count_no_metrics,The FPS Training PreAlpha,http://www.kongregate.com/games/HLoKHaMZ/the-fps-training-prealpha,www.kongregate.com/games/hlokhamz/the-fps-training-prealpha,222494,13,1,0,0,yes,2014-10-17,2014-10-17,Low-information gap; confirm the source row before spending scraper time.
4,single_capture_no_listing_count_no_metrics,Kuizi Biologjia - Pjesa e 3,http://www.kongregate.com/games/del7244009/kuizi-biologjia-pjesa-e-3,www.kongregate.com/games/del7244009/kuizi-biologjia-pjesa-e-3,246814,13,1,0,0,yes,2015-09-03,2015-09-03,Low-information gap; confirm the source row before spending scraper time.
4,single_capture_no_listing_count_no_metrics,TDS game 2,http://www.kongregate.com/games/munoz20/tds-game-2,www.kongregate.com/games/munoz20/tds-game-2,254330,13,1,0,0,yes,2015-12-26,2015-12-26,Low-information gap; confirm the source row before spending scraper time.
4,single_capture_no_listing_count_no_metrics,Death Soul,http://www.kongregate.com/games/mafagames/death-soul,www.kongregate.com/games/mafagames/death-soul,261548,13,1,0,0,yes,2016-05-06,2016-05-06,Low-information gap; confirm the source row before spending scraper time.
4,single_capture_no_listing_count_no_metrics,Super Cowboy Run,http://www.kongregate.com/games/mafagames/super-cowboy-run,www.kongregate.com/games/mafagames/super-cowboy-run,262432,13,1,0,0,yes,2016-05-23,2016-05-23,Low-information gap; confirm the source row before spending scraper time.
4,single_capture_no_listing_count_no_metrics,Jumpy Shark,http://www.kongregate.com/games/mafagames/jumpy-shark,www.kongregate.com/games/mafagames/jumpy-shark,262502,13,1,0,0,yes,2016-05-24,2016-05-24,Low-information gap; confirm the source row before spending scraper time.
4,single_capture_no_listing_count_no_metrics,Gray Tank,http://www.kongregate.com/games/domjotebit/gray-tank,www.kongregate.com/games/domjotebit/gray-tank,263240,13,1,0,0,yes,2016-06-05,2016-06-05,Low-information gap; confirm the source row before spending scraper time.
4,single_capture_no_listing_count_no_metrics,Idle Game Dev,http://www.kongregate.com/games/Blobzone/idle-game-dev,www.kongregate.com/games/blobzone/idle-game-dev,265661,13,1,0,0,yes,2016-07-20,2016-07-20,Low-information gap; confirm the source row before spending scraper time.
4,single_capture_no_listing_count_no_metrics,Guerra de Quatro Mundos clique em [♥Like],http://www.kongregate.com/games/Maury71/guerra-de-quatro-mundos-clique-em-like,www.kongregate.com/games/maury71/guerra-de-quatro-mundos-clique-em-like,267690,13,1,0,0,yes,2016-08-28,2016-08-28,Low-information gap; confirm the source row before spending scraper time.
4,single_capture_no_listing_count_no_metrics,Hold Position 2: Medieval,http://www.kongregate.com/games/mafagames/hold-position-2-medieval,www.kongregate.com/games/mafagames/hold-position-2-medieval,270157,13,1,0,0,yes,2016-10-10,2016-10-10,Low-information gap; confirm the source row before spending scraper time.
4,single_capture_no_listing_count_no_metrics,Colotap,http://www.kongregate.com/games/Palazoles/colotap,www.kongregate.com/games/palazoles/colotap,271135,13,1,0,0,yes,2016-10-30,2016-10-30,Low-information gap; confirm the source row before spending scraper time.
4,single_capture_no_listing_count_no_metrics,Snake And Blocks,http://www.kongregate.com/games/mafagames/snake-and-blocks,www.kongregate.com/games/mafagames/snake-and-blocks,283702,13,1,0,0,yes,2017-07-20,2017-07-20,Low-information gap; confirm the source row before spending scraper time.
4,single_capture_no_listing_count_no_metrics,"101: A Video Game about Video Games (okay, a really early one)",http://www.kongregate.com/games/wigardju/101-a-video-game-about-video-games-okay-a-really-early-one,www.kongregate.com/games/wigardju/101-a-video-game-about-video-games-okay-a-really-early-one,284358,13,1,0,0,yes,2017-08-05,2017-08-05,Low-information gap; confirm the source row before spending scraper time.
4,single_capture_no_listing_count_no_metrics,Shoot the Roy Minions,http://www.kongregate.com/games/coolstronggames/shoot-the-roy-minions,www.kongregate.com/games/coolstronggames/shoot-the-roy-minions,284949,13,1,0,0,yes,2017-08-17,2017-08-17,Low-information gap; confirm the source row before spending scraper time.
4,single_capture_no_listing_count_no_metrics,Ninja Balance,http://www.kongregate.com/games/mafagames/ninja-balance,www.kongregate.com/games/mafagames/ninja-balance,285174,13,1,0,0,yes,2017-08-23,2017-08-23,Low-information gap; confirm the source row before spending scraper time.
4,single_capture_no_listing_count_no_metrics,Fighting For Glorton 1.2v,http://www.kongregate.com/games/Zueirao34/fighting-for-glorton-1-2v,www.kongregate.com/games/zueirao34/fighting-for-glorton-1-2v,285639,13,1,0,0,yes,2017-09-04,2017-09-04,Low-information gap; confirm the source row before spending scraper time.
4,single_capture_no_listing_count_no_metrics,Tangrid,http://www.kongregate.com/games/mafagames/tangrid,www.kongregate.com/games/mafagames/tangrid,285945,13,1,0,0,yes,2017-09-13,2017-09-13,Low-information gap; confirm the source row before spending scraper time.
4,single_capture_no_listing_count_no_metrics,Break The Line,http://www.kongregate.com/games/mafagames/break-the-line,www.kongregate.com/games/mafagames/break-the-line,286226,13,1,0,0,yes,2017-09-20,2017-09-20,Low-information gap; confirm the source row before spending scraper time.
4,single_capture_no_listing_count_no_metrics,Gold Miner Jack 2,https://www.kongregate.com/games/crazyschoolgames/gold-miner-jack-2,www.kongregate.com/games/crazyschoolgames/gold-miner-jack-2,311302,13,1,0,0,yes,2019-08-25,2019-08-25,Low-information gap; confirm the source row before spending scraper time.
4,single_capture_no_listing_count_no_metrics,Kuizi Biologjia - Pjesa e 4,http://www.kongregate.com/games/del7244009/kuizi-biologjia-pjesa-e-4,www.kongregate.com/games/del7244009/kuizi-biologjia-pjesa-e-4,246815,14,1,0,0,yes,2015-09-03,2015-09-03,Low-information gap; confirm the source row before spending scraper time.
4,single_capture_no_listing_count_no_metrics,Idle Capitalist 6,http://www.kongregate.com/games/KasparsM/idle-capitalist-6,www.kongregate.com/games/kasparsm/idle-capitalist-6,247480,14,1,0,0,yes,2015-09-09,2015-09-09,Low-information gap; confirm the source row before spending scraper time.
4,single_capture_no_listing_count_no_metrics,Spike Bird,http://www.kongregate.com/games/mafagames/spike-bird,www.kongregate.com/games/mafagames/spike-bird,261547,14,1,0,0,yes,2016-05-06,2016-05-06,Low-information gap; confirm the source row before spending scraper time.
4,single_capture_no_listing_count_no_metrics,Transport,http://www.kongregate.com/games/mafagames/transport,www.kongregate.com/games/mafagames/transport,262431,14,1,0,0,yes,2016-05-23,2016-05-23,Low-information gap; confirm the source row before spending scraper time.
4,single_capture_no_listing_count_no_metrics,My Little Pony Winter Fashion 2,http://www.kongregate.com/games/mafagames/my-little-pony-winter-fashion-2,www.kongregate.com/games/mafagames/my-little-pony-winter-fashion-2,262500,14,1,0,0,yes,2016-05-24,2016-05-24,Low-information gap; confirm the source row before spending scraper time.
4,single_capture_no_listing_count_no_metrics,FurLight,http://www.kongregate.com/games/ArsenG1/furlight,www.kongregate.com/games/arseng1/furlight,263195,14,1,0,0,yes,2016-06-04,2016-06-04,Low-information gap; confirm the source row before spending scraper time.
4,single_capture_no_listing_count_no_metrics,Yandere - Heartbreak,http://www.kongregate.com/games/swiftmoon12/yandere-heartbreak,www.kongregate.com/games/swiftmoon12/yandere-heartbreak,267271,14,1,0,0,yes,2016-08-20,2016-08-20,Low-information gap; confirm the source row before spending scraper time.
4,single_capture_no_listing_count_no_metrics,Karting Racing,http://www.kongregate.com/games/mafagames/karting-racing,www.kongregate.com/games/mafagames/karting-racing,270156,14,1,0,0,yes,2016-10-10,2016-10-10,Low-information gap; confirm the source row before spending scraper time.
4,single_capture_no_listing_count_no_metrics,My Summer Items,http://www.kongregate.com/games/natalibt/my-summer-items,www.kongregate.com/games/natalibt/my-summer-items,282189,14,1,0,0,yes,2017-06-15,2017-06-15,Low-information gap; confirm the source row before spending scraper time.
4,single_capture_no_listing_count_no_metrics,TRY. DIE. REPEAT.,http://www.kongregate.com/games/rodolfodth/try-die-repeat,www.kongregate.com/games/rodolfodth/try-die-repeat,282238,14,1,0,0,yes,2017-06-16,2017-06-16,Low-information gap; confirm the source row before spending scraper time.
4,single_capture_no_listing_count_no_metrics,Mad Taxi,http://www.kongregate.com/games/mafagames/mad-taxi,www.kongregate.com/games/mafagames/mad-taxi,283701,14,1,0,0,yes,2017-07-20,2017-07-20,Low-information gap; confirm the source row before spending scraper time.
4,single_capture_no_listing_count_no_metrics,Test 2,http://www.kongregate.com/games/Nicolo974jtm34/test-2,www.kongregate.com/games/nicolo974jtm34/test-2,221454,15,1,0,0,yes,2014-10-03,2014-10-03,Low-information gap; confirm the source row before spending scraper time.
4,single_capture_no_listing_count_no_metrics,Kuizi Biologjia - Pjesa e 2,http://www.kongregate.com/games/del7244009/kuizi-biologjia-pjesa-e-2,www.kongregate.com/games/del7244009/kuizi-biologjia-pjesa-e-2,246813,15,1,0,0,yes,2015-09-03,2015-09-03,Low-information gap; confirm the source row before spending scraper time.
4,single_capture_no_listing_count_no_metrics,Mater Cars Puzzle,http://www.kongregate.com/games/natalibt/mater-cars-puzzle,www.kongregate.com/games/natalibt/mater-cars-puzzle,247479,15,1,0,0,yes,2015-09-09,2015-09-09,Low-information gap; confirm the source row before spending scraper time.
4,single_capture_no_listing_count_no_metrics,Duck Shooter,http://www.kongregate.com/games/mafagames/duck-shooter,www.kongregate.com/games/mafagames/duck-shooter,261545,15,1,0,0,yes,2016-05-06,2016-05-06,Low-information gap; confirm the source row before spending scraper time.
4,single_capture_no_listing_count_no_metrics,Bloosso Run,http://www.kongregate.com/games/JurgisT/bloosso-run,www.kongregate.com/games/jurgist/bloosso-run,158148,15,1,0,0,yes,2016-05-15,2016-05-15,Low-information gap; confirm the source row before spending scraper time.
4,single_capture_no_listing_count_no_metrics,Labyrinth,http://www.kongregate.com/games/mafagames/labyrinth,www.kongregate.com/games/mafagames/labyrinth,262430,15,1,0,0,yes,2016-05-23,2016-05-23,Low-information gap; confirm the source row before spending scraper time.
4,single_capture_no_listing_count_no_metrics,The ball game,http://www.kongregate.com/games/danwon67/the-ball-game,www.kongregate.com/games/danwon67/the-ball-game,265375,15,1,0,0,yes,2016-07-14,2016-07-14,Low-information gap; confirm the source row before spending scraper time.
4,single_capture_no_listing_count_no_metrics,DELTA warfare,http://www.kongregate.com/games/schambulat20/delta-warfare,www.kongregate.com/games/schambulat20/delta-warfare,268177,15,1,0,0,yes,2016-09-03,2016-09-03,Low-information gap; confirm the source row before spending scraper time.
4,single_capture_no_listing_count_no_metrics,Mad Boy Adventures,http://www.kongregate.com/games/mafagames/mad-boy-adventures,www.kongregate.com/games/mafagames/mad-boy-adventures,270155,15,1,0,0,yes,2016-10-10,2016-10-10,Low-information gap; confirm the source row before spending scraper time.
4,single_capture_no_listing_count_no_metrics,DON'T DESTROY THE BALL!,http://www.kongregate.com/games/phacanu/dont-destroy-the-ball,www.kongregate.com/games/phacanu/dont-destroy-the-ball,281718,15,1,0,0,yes,2017-06-04,2017-06-04,Low-information gap; confirm the source row before spending scraper time.
4,single_capture_no_listing_count_no_metrics,Space Trip,http://www.kongregate.com/games/mafagames/space-trip,www.kongregate.com/games/mafagames/space-trip,283699,15,1,0,0,yes,2017-07-20,2017-07-20,Low-information gap; confirm the source row before spending scraper time.
4,single_capture_no_listing_count_no_metrics,Doblons.oi,http://www.kongregate.com/games/Zueirao34/doblons-oi,www.kongregate.com/games/zueirao34/doblons-oi,285630,15,1,0,0,yes,2017-09-04,2017-09-04,Low-information gap; confirm the source row before spending scraper time.
4,single_capture_no_listing_count_no_metrics,Car Rush 2,http://www.kongregate.com/games/mafagames/car-rush-2,www.kongregate.com/games/mafagames/car-rush-2,285944,15,1,0,0,yes,2017-09-13,2017-09-13,Low-information gap; confirm the source row before spending scraper time.
4,single_capture_no_listing_count_no_metrics,Moto Jumper,http://www.kongregate.com/games/darekapps/moto-jumper,www.kongregate.com/games/darekapps/moto-jumper,286817,15,1,0,0,yes,2017-10-08,2017-10-08,Low-information gap; confirm the source row before spending scraper time.
4,single_capture_no_listing_count_no_metrics,Ascending LSD,http://www.kongregate.com/games/KING34/ascending-lsd,www.kongregate.com/games/king34/ascending-lsd,287417,15,1,0,0,yes,2017-10-24,2017-10-24,Low-information gap; confirm the source row before spending scraper time.
4,single_capture_no_listing_count_no_metrics,Monopoly IO,http://www.kongregate.com/games/benbean303/monopoly-io,www.kongregate.com/games/benbean303/monopoly-io,287469,15,1,0,0,yes,2017-11-06,2017-11-06,Low-information gap; confirm the source row before spending scraper time.
4,single_capture_no_listing_count_no_metrics,FootballManager Online,http://www.kongregate.com/games/surre02/footballmanager-online,www.kongregate.com/games/surre02/footballmanager-online,219282,16,1,0,0,yes,2014-09-05,2014-09-05,Low-information gap; confirm the source row before spending scraper time.
4,single_capture_no_listing_count_no_metrics,Test1,http://www.kongregate.com/games/Nicolo974jtm34/test1,www.kongregate.com/games/nicolo974jtm34/test1,221451,16,1,0,0,yes,2014-10-03,2014-10-03,Low-information gap; confirm the source row before spending scraper time.
4,single_capture_no_listing_count_no_metrics,OuterSpace [PitBall] Offical,http://www.kongregate.com/games/NickJ66/outerspace-pitball-offical,www.kongregate.com/games/nickj66/outerspace-pitball-offical,221913,16,1,0,0,yes,2014-10-10,2014-10-10,Low-information gap; confirm the source row before spending scraper time.
4,single_capture_no_listing_count_no_metrics,Peppa Pig Ice Cream Shop,http://www.kongregate.com/games/lemonindieg/peppa-pig-ice-cream-shop,www.kongregate.com/games/lemonindieg/peppa-pig-ice-cream-shop,222189,16,1,0,0,yes,2014-10-13,2014-10-13,Low-information gap; confirm the source row before spending scraper time.
4,single_capture_no_listing_count_no_metrics,Kuizi Autoshkolla - Testi 1,http://www.kongregate.com/games/del7244009/kuizi-autoshkolla-testi-1,www.kongregate.com/games/del7244009/kuizi-autoshkolla-testi-1,246749,16,1,0,0,yes,2015-09-03,2015-09-03,Low-information gap; confirm the source row before spending scraper time.
4,single_capture_no_listing_count_no_metrics,Miner 2,http://www.kongregate.com/games/KillingPigs123/miner-2,www.kongregate.com/games/killingpigs123/miner-2,247428,16,1,0,0,yes,2015-09-09,2015-09-09,Low-information gap; confirm the source row before spending scraper time.
4,single_capture_no_listing_count_no_metrics,Quad Maze Lite V4.1,http://www.kongregate.com/games/Anqa_Game/quad-maze-lite-v4-1,www.kongregate.com/games/anqa_game/quad-maze-lite-v4-1,252836,16,1,0,0,yes,2015-12-05,2015-12-05,Low-information gap; confirm the source row before spending scraper time.
4,single_capture_no_listing_count_no_metrics,Elsa Facial Skin Care,http://www.kongregate.com/games/marydressupgames/elsa-facial-skin-care,www.kongregate.com/games/marydressupgames/elsa-facial-skin-care,257863,16,1,0,0,yes,2016-02-28,2016-02-28,Low-information gap; confirm the source row before spending scraper time.
4,single_capture_no_listing_count_no_metrics,Pregnant Elsa Baby Room Deco,http://www.kongregate.com/games/mafagames/pregnant-elsa-baby-room-deco,www.kongregate.com/games/mafagames/pregnant-elsa-baby-room-deco,262429,16,1,0,0,yes,2016-05-23,2016-05-23,Low-information gap; confirm the source row before spending scraper time.
4,single_capture_no_listing_count_no_metrics,Jungle Gems,http://www.kongregate.com/games/gamesrishti/jungle-gems,www.kongregate.com/games/gamesrishti/jungle-gems,265656,16,1,0,0,yes,2016-07-20,2016-07-20,Low-information gap; confirm the source row before spending scraper time.
4,single_capture_no_listing_count_no_metrics,Chat Public or Private,http://www.kongregate.com/games/MrBaidu/chat-public-or-private,www.kongregate.com/games/mrbaidu/chat-public-or-private,260654,16,1,0,0,yes,2016-07-27,2016-07-27,Low-information gap; confirm the source row before spending scraper time.
4,single_capture_no_listing_count_no_metrics,Maze Platformer,http://www.kongregate.com/games/Erendis42/maze-platformer,www.kongregate.com/games/erendis42/maze-platformer,266431,16,1,0,0,yes,2016-08-05,2016-08-05,Low-information gap; confirm the source row before spending scraper time.
4,single_capture_no_listing_count_no_metrics,Christmas Memory,http://www.kongregate.com/games/mafagames/christmas-memory,www.kongregate.com/games/mafagames/christmas-memory,270154,16,1,0,0,yes,2016-10-10,2016-10-10,Low-information gap; confirm the source row before spending scraper time.
4,single_capture_no_listing_count_no_metrics,Two Man Hockey,http://www.kongregate.com/games/smatthews1999/two-man-hockey,www.kongregate.com/games/smatthews1999/two-man-hockey,280337,16,1,0,0,yes,2017-05-05,2017-05-05,Low-information gap; confirm the source row before spending scraper time.
4,single_capture_no_listing_count_no_metrics,Dimensional (beta),http://www.kongregate.com/games/Vermillion_gd/dimensional-beta,www.kongregate.com/games/vermillion_gd/dimensional-beta,282953,16,1,0,0,yes,2017-07-03,2017-07-03,Low-information gap; confirm the source row before spending scraper time.
4,single_capture_no_listing_count_no_metrics,Figure Fighting 2.4 Beta,http://www.kongregate.com/games/Zueirao34/figure-fighting-2-4-beta,www.kongregate.com/games/zueirao34/figure-fighting-2-4-beta,285628,16,1,0,0,yes,2017-09-04,2017-09-04,Low-information gap; confirm the source row before spending scraper time.
4,single_capture_no_listing_count_no_metrics,Sand Worm,http://www.kongregate.com/games/mafagames/sand-worm,www.kongregate.com/games/mafagames/sand-worm,286558,16,1,0,0,yes,2017-09-30,2017-09-30,Low-information gap; confirm the source row before spending scraper time.
4,single_capture_no_listing_count_no_metrics,Back to School Fashion,http://www.kongregate.com/games/games2girls/back-to-school-fashion,www.kongregate.com/games/games2girls/back-to-school-fashion,221448,17,1,0,0,yes,2014-10-03,2014-10-03,Low-information gap; confirm the source row before spending scraper time.
4,single_capture_no_listing_count_no_metrics,Kuiz për Australinë,http://www.kongregate.com/games/del7244009/kuiz-p-r-australin,www.kongregate.com/games/del7244009/kuiz-p-r-australin,246834,17,1,0,0,yes,2015-09-03,2015-09-03,Low-information gap; confirm the source row before spending scraper time.
4,single_capture_no_listing_count_no_metrics,HitlerVsVikings,http://www.kongregate.com/games/Naoisi_Swaz/hitlervsvikings,www.kongregate.com/games/naoisi_swaz/hitlervsvikings,265061,17,1,0,0,yes,2016-07-07,2016-07-07,Low-information gap; confirm the source row before spending scraper time.
4,single_capture_no_listing_count_no_metrics,Kongpanion Friend Generator,http://www.kongregate.com/games/yvolcano4/kongpanion-friend-generator,www.kongregate.com/games/yvolcano4/kongpanion-friend-generator,266426,17,1,0,0,yes,2016-08-05,2016-08-05,Low-information gap; confirm the source row before spending scraper time.
4,single_capture_no_listing_count_no_metrics,Flap Cat Halloween,http://www.kongregate.com/games/mafagames/flap-cat-halloween,www.kongregate.com/games/mafagames/flap-cat-halloween,270153,17,1,0,0,yes,2016-10-10,2016-10-10,Low-information gap; confirm the source row before spending scraper time.
4,single_capture_no_listing_count_no_metrics,Kosmogon,http://www.kongregate.com/games/quickcasualgames/kosmogon,www.kongregate.com/games/quickcasualgames/kosmogon,280844,17,1,0,0,yes,2017-05-16,2017-05-16,Low-information gap; confirm the source row before spending scraper time.
4,single_capture_no_listing_count_no_metrics,Bus & Subway Runner,http://www.kongregate.com/games/echocargames/bus-subway-runner,www.kongregate.com/games/echocargames/bus-subway-runner,286557,17,1,0,0,yes,2017-09-30,2017-09-30,Low-information gap; confirm the source row before spending scraper time.
4,single_capture_no_listing_count_no_metrics,Murder,http://www.kongregate.com/games/hussnainjaved534/murder,www.kongregate.com/games/hussnainjaved534/murder,287354,17,1,0,0,yes,2017-10-24,2017-10-24,Low-information gap; confirm the source row before spending scraper time.
4,single_capture_no_listing_count_no_metrics,Life Of A Golf Ball,http://www.kongregate.com/games/lubo36/life-of-a-golf-ball,www.kongregate.com/games/lubo36/life-of-a-golf-ball,287875,17,1,0,0,yes,2017-11-06,2017-11-06,Low-information gap; confirm the source row before spending scraper time.
